fecha,pruebas_totales,positivos_totales,pruebas_totales_cdmx,positivos_totales_cdmx,tasa_positividad,tasa_positividad_cdmx,pruebas_totales_cdmx_7d,positivos_totales_cdmx_7d,dia_agregado,arranque
2020-03-05,69,1,52,1,0.0145,0.0192,,,False,True
2020-03-06,0,0,0,0,,,,,True,True
2020-03-07,0,0,0,0,,,,,True,True
2020-03-08,0,0,0,0,,,,,True,True
2020-03-09,0,0,0,0,,,,,True,True
2020-03-10,0,0,0,0,,,,,True,True
2020-03-11,0,0,0,0,,,7.4,0.1,True,True
2020-03-12,0,0,0,0,,,0.0,0.0,True,True
2020-03-13,57,2,46,1,0.0351,0.0217,6.6,0.1,False,True
2020-03-14,0,0,0,0,,,6.6,0.1,True,True
2020-03-15,0,0,0,0,,,6.6,0.1,True,True
2020-03-16,0,0,0,0,,,6.6,0.1,True,True
2020-03-17,0,0,0,0,,,6.6,0.1,True,True
2020-03-18,0,0,0,0,,,6.6,0.1,True,True
2020-03-19,67,3,67,3,0.0448,0.0448,16.1,0.6,False,True
2020-03-20,0,0,0,0,,,9.6,0.4,True,True
2020-03-21,0,0,0,0,,,9.6,0.4,True,True
2020-03-22,0,0,0,0,,,9.6,0.4,True,True
2020-03-23,0,0,0,0,,,9.6,0.4,True,True
2020-03-24,66,1,60,1,0.0152,0.0167,18.1,0.6,False,True
2020-03-25,0,0,0,0,,,18.1,0.6,True,True
2020-03-26,54,1,50,1,0.0185,0.02,15.7,0.3,False,True
2020-03-27,32,4,30,4,0.125,0.1333,20.0,0.9,False,True
2020-03-28,5,1,3,1,0.2,0.3333,20.4,1.0,False,True
2020-03-29,16,6,16,6,0.375,0.375,22.7,1.9,False,True
2020-03-30,49,3,46,2,0.0612,0.0435,29.3,2.1,False,True
2020-03-31,26,4,24,4,0.1538,0.1667,24.1,2.6,False,True
2020-04-01,20,1,17,1,0.05,0.0588,26.6,2.7,False,True
2020-04-02,42,6,35,3,0.1429,0.0857,24.4,3.0,False,True
2020-04-03,31,4,24,4,0.129,0.1667,23.6,3.0,False,True
2020-04-04,69,14,67,14,0.2029,0.209,32.7,4.9,False,True
2020-04-05,2337,536,2152,490,0.2294,0.2277,337.9,74.0,False,False
2020-04-06,944,218,806,180,0.2309,0.2233,446.4,99.4,False,False
2020-04-07,1284,174,1066,151,0.1355,0.1417,595.3,120.4,False,False
2020-04-08,1141,212,990,181,0.1858,0.1828,734.3,146.1,False,False
2020-04-09,572,109,495,91,0.1906,0.1838,800.0,158.7,False,False
2020-04-10,693,166,595,146,0.2395,0.2454,881.6,179.0,False,False
2020-04-11,236,77,222,71,0.3263,0.3198,903.7,187.1,False,False
2020-04-12,169,75,135,60,0.4438,0.4444,615.6,125.7,False,False
2020-04-13,911,277,732,232,0.3041,0.3169,605.0,133.1,False,False
2020-04-14,878,244,724,195,0.2779,0.2693,556.1,139.4,False,False
2020-04-15,878,284,761,253,0.3235,0.3325,523.4,149.7,False,False
2020-04-16,1207,333,1050,269,0.2759,0.2562,602.7,175.1,False,False
2020-04-17,1235,339,1062,288,0.2745,0.2712,669.4,195.4,False,False
2020-04-18,466,92,427,85,0.1974,0.1991,698.7,197.4,False,False
2020-04-19,251,133,225,114,0.5299,0.5067,711.6,205.1,False,False
2020-04-20,1110,425,932,359,0.3829,0.3852,740.1,223.3,False,False
2020-04-21,1524,462,1293,363,0.3031,0.2807,821.4,247.3,False,False
2020-04-22,1780,512,1546,434,0.2876,0.2807,933.6,273.1,False,False
2020-04-23,1375,480,1162,396,0.3491,0.3408,949.6,291.3,False,False
2020-04-24,1553,588,1320,485,0.3786,0.3674,986.4,319.4,False,False
2020-04-25,494,239,445,218,0.4838,0.4899,989.0,338.4,False,False
2020-04-26,410,170,346,146,0.4146,0.422,1006.3,343.0,False,False
2020-04-27,1632,649,1406,548,0.3977,0.3898,1074.0,370.0,False,False
2020-04-28,1696,560,1398,462,0.3302,0.3305,1089.0,384.1,False,False
2020-04-29,1916,713,1600,602,0.3721,0.3762,1096.7,408.1,False,False
2020-04-30,1891,592,1593,501,0.3131,0.3145,1158.3,423.1,False,False
2020-05-01,741,240,602,190,0.3239,0.3156,1055.7,381.0,False,False
2020-05-02,649,263,577,227,0.4052,0.3934,1074.6,382.3,False,False
2020-05-03,556,222,500,197,0.3993,0.394,1096.6,389.6,False,False
2020-05-04,2023,753,1657,622,0.3722,0.3754,1132.4,400.1,False,False
2020-05-05,1599,586,1370,508,0.3665,0.3708,1128.4,406.7,False,False
2020-05-06,2176,694,1784,592,0.3189,0.3318,1154.7,405.3,False,False
2020-05-07,2237,705,1842,585,0.3152,0.3176,1190.3,417.3,False,False
2020-05-08,2449,921,2000,751,0.3761,0.3755,1390.0,497.4,False,False
2020-05-09,798,351,684,305,0.4398,0.4459,1405.3,508.6,False,False
2020-05-10,469,210,416,176,0.4478,0.4231,1393.3,505.6,False,False
2020-05-11,2221,892,1755,699,0.4016,0.3983,1407.3,516.6,False,False
2020-05-12,2256,941,1898,826,0.4171,0.4352,1482.7,562.0,False,False
2020-05-13,2419,1112,1959,905,0.4597,0.462,1507.7,606.7,False,False
2020-05-14,2240,971,1867,798,0.4335,0.4274,1511.3,637.1,False,False
2020-05-15,2679,1181,2196,969,0.4408,0.4413,1539.3,668.3,False,False
2020-05-16,958,439,796,371,0.4582,0.4661,1555.3,677.7,False,False
2020-05-17,608,288,519,249,0.4737,0.4798,1570.0,688.1,False,False
2020-05-18,2721,1182,2212,955,0.4344,0.4317,1635.3,724.7,False,False
2020-05-19,2561,1207,2113,995,0.4713,0.4709,1666.0,748.9,False,False
2020-05-20,2685,1239,2145,1014,0.4615,0.4727,1692.6,764.4,False,False
2020-05-21,2771,1232,2278,996,0.4446,0.4372,1751.3,792.7,False,False
2020-05-22,2785,1227,2267,955,0.4406,0.4213,1761.4,790.7,False,False
2020-05-23,919,391,804,335,0.4255,0.4167,1762.6,785.6,False,False
2020-05-24,640,300,519,251,0.4688,0.4836,1762.6,785.9,False,False
2020-05-25,2874,1293,2301,1029,0.4499,0.4472,1775.3,796.4,False,False
2020-05-26,2901,1386,2298,1074,0.4778,0.4674,1801.7,807.7,False,False
2020-05-27,3311,1454,2691,1180,0.4391,0.4385,1879.7,831.4,False,False
2020-05-28,2358,1060,1955,898,0.4495,0.4593,1833.6,817.4,False,False
2020-05-29,2540,1122,2163,958,0.4417,0.4429,1818.7,817.9,False,False
2020-05-30,1155,547,991,472,0.4736,0.4763,1845.4,837.4,False,False
2020-05-31,689,346,573,296,0.5022,0.5166,1853.1,843.9,False,False
2020-06-01,3049,1469,2522,1204,0.4818,0.4774,1884.7,868.9,False,False
2020-06-02,3022,1420,2383,1083,0.4699,0.4545,1896.9,870.1,False,False
2020-06-03,3240,1458,2583,1110,0.45,0.4297,1881.4,860.1,False,False
2020-06-04,2801,1164,2315,954,0.4156,0.4121,1932.9,868.1,False,False
2020-06-05,2912,1233,2409,1009,0.4234,0.4188,1968.0,875.4,False,False
2020-06-06,1036,482,878,400,0.4653,0.4556,1951.9,865.1,False,False
2020-06-07,635,294,523,257,0.463,0.4914,1944.7,859.6,False,False
2020-06-08,3166,1495,2579,1200,0.4722,0.4653,1952.9,859.0,False,False
2020-06-09,2978,1401,2404,1085,0.4704,0.4513,1955.9,859.3,False,False
2020-06-10,3072,1371,2503,1072,0.4463,0.4283,1944.4,853.9,False,False
2020-06-11,3030,1273,2411,986,0.4201,0.409,1958.1,858.4,False,False
2020-06-12,3095,1249,2532,1006,0.4036,0.3973,1975.7,858.0,False,False
2020-06-13,1127,435,919,346,0.386,0.3765,1981.6,850.3,False,False
2020-06-14,853,350,670,262,0.4103,0.391,2002.6,851.0,False,False
2020-06-15,3108,1145,2516,882,0.3684,0.3506,1993.6,805.6,False,False
2020-06-16,3184,1248,2627,1023,0.392,0.3894,2025.4,796.7,False,False
2020-06-17,3081,1198,2451,952,0.3888,0.3884,2018.0,779.6,False,False
2020-06-18,2899,1070,2377,874,0.3691,0.3677,2013.1,763.6,False,False
2020-06-19,2873,1110,2277,868,0.3864,0.3812,1976.7,743.9,False,False
2020-06-20,978,364,802,300,0.3722,0.3741,1960.0,737.3,False,False
2020-06-21,726,295,601,245,0.4063,0.4077,1950.1,734.9,False,False
2020-06-22,2729,1103,2199,859,0.4042,0.3906,1904.9,731.6,False,False
2020-06-23,2805,1074,2338,882,0.3829,0.3772,1863.6,711.4,False,False
2020-06-24,2703,1073,2274,894,0.397,0.3931,1838.3,703.1,False,False
2020-06-25,2864,1085,2362,877,0.3788,0.3713,1836.1,703.6,False,False
2020-06-26,2925,1077,2419,879,0.3682,0.3634,1856.4,705.1,False,False
2020-06-27,895,360,716,286,0.4022,0.3994,1844.1,703.1,False,False
2020-06-28,705,241,534,198,0.3418,0.3708,1834.6,696.4,False,False
2020-06-29,3730,1386,2990,1071,0.3716,0.3582,1947.6,726.7,False,False
2020-06-30,3306,1285,2662,1011,0.3887,0.3798,1993.9,745.1,False,False
2020-07-01,3237,1257,2658,999,0.3883,0.3758,2048.7,760.1,False,False
2020-07-02,2862,1107,2369,905,0.3868,0.382,2049.7,764.1,False,False
2020-07-03,3363,1206,2831,984,0.3586,0.3476,2108.6,779.1,False,False
2020-07-04,1025,354,886,304,0.3454,0.3431,2132.9,781.7,False,False
2020-07-05,780,244,662,200,0.3128,0.3021,2151.1,782.0,False,False
2020-07-06,3385,1225,2763,989,0.3619,0.3579,2118.7,770.3,False,False
2020-07-07,3356,1290,2714,998,0.3844,0.3677,2126.1,768.4,False,False
2020-07-08,3342,1234,2867,1053,0.3692,0.3673,2156.0,776.1,False,False
2020-07-09,3007,1006,2426,739,0.3346,0.3046,2164.1,752.4,False,False
2020-07-10,3102,990,2591,830,0.3191,0.3203,2129.9,730.4,False,False
2020-07-11,1034,351,841,286,0.3395,0.3401,2123.4,727.9,False,False
2020-07-12,748,265,629,227,0.3543,0.3609,2118.7,731.7,False,False
2020-07-13,3503,1337,2923,1084,0.3817,0.3709,2141.6,745.3,False,False
2020-07-14,3450,1266,2877,1039,0.367,0.3611,2164.9,751.1,False,False
2020-07-15,4411,1410,3827,1164,0.3197,0.3042,2302.0,767.0,False,False
2020-07-16,4312,1377,3740,1127,0.3193,0.3013,2489.7,822.4,False,False
2020-07-17,4340,1252,3846,1072,0.2885,0.2787,2669.0,857.0,False,False
2020-07-18,1801,619,1619,554,0.3437,0.3422,2780.1,895.3,False,False
2020-07-19,929,296,807,244,0.3186,0.3024,2805.6,897.7,False,False
2020-07-20,4047,1391,3471,1148,0.3437,0.3307,2883.9,906.9,False,False
2020-07-21,3755,1223,3195,1040,0.3257,0.3255,2929.3,907.0,False,False
2020-07-22,4179,1464,3678,1318,0.3503,0.3583,2908.0,929.0,False,False
2020-07-23,3768,1265,3258,1106,0.3357,0.3395,2839.1,926.0,False,False
2020-07-24,3750,1094,3257,952,0.2917,0.2923,2755.0,908.9,False,False
2020-07-25,1352,433,1187,380,0.3203,0.3201,2693.3,884.0,False,False
2020-07-26,912,301,784,250,0.33,0.3189,2690.0,884.9,False,False
2020-07-27,3560,1272,2964,1072,0.3573,0.3617,2617.6,874.0,False,False
2020-07-28,3628,1126,3078,934,0.3104,0.3034,2600.9,858.9,False,False
2020-07-29,3765,1131,3361,1003,0.3004,0.2984,2555.6,813.9,False,False
2020-07-30,3894,1248,3392,1079,0.3205,0.3181,2574.7,810.0,False,False
2020-07-31,3758,1184,3258,1006,0.3151,0.3088,2574.9,817.7,False,False
2020-08-01,1487,444,1295,396,0.2986,0.3058,2590.3,820.0,False,False
2020-08-02,820,272,684,227,0.3317,0.3319,2576.0,816.7,False,False
2020-08-03,3077,1017,2642,861,0.3305,0.3259,2530.0,786.6,False,False
2020-08-04,3832,1226,3295,1041,0.3199,0.3159,2561.0,801.9,False,False
2020-08-05,3691,1245,3207,1057,0.3373,0.3296,2539.0,809.6,False,False
2020-08-06,3454,1019,2975,882,0.295,0.2965,2479.4,781.4,False,False
2020-08-07,3743,1096,3212,963,0.2928,0.2998,2472.9,775.3,False,False
2020-08-08,1385,396,1217,349,0.2859,0.2868,2461.7,768.6,False,False
2020-08-09,722,207,588,176,0.2867,0.2993,2448.0,761.3,False,False
2020-08-10,3499,1102,2931,916,0.3149,0.3125,2489.3,769.1,False,False
2020-08-11,3925,1270,3468,1113,0.3236,0.3209,2514.0,779.4,False,False
2020-08-12,3890,1165,3331,1005,0.2995,0.3017,2531.7,772.0,False,False
2020-08-13,3859,1070,3346,951,0.2773,0.2842,2584.7,781.9,False,False
2020-08-14,4124,1221,3510,1035,0.2961,0.2949,2627.3,792.1,False,False
2020-08-15,1499,440,1310,386,0.2935,0.2947,2640.6,797.4,False,False
2020-08-16,741,216,620,175,0.2915,0.2823,2645.1,797.3,False,False
2020-08-17,3584,1164,3075,987,0.3248,0.321,2665.7,807.4,False,False
2020-08-18,3911,1354,3454,1195,0.3462,0.346,2663.7,819.1,False,False
2020-08-19,4008,1262,3534,1119,0.3149,0.3166,2692.7,835.4,False,False
2020-08-20,3229,957,2782,832,0.2964,0.2991,2612.1,818.4,False,False
2020-08-21,4051,1229,3520,1054,0.3034,0.2994,2613.6,821.1,False,False
2020-08-22,1473,432,1276,385,0.2933,0.3017,2608.7,821.0,False,False
2020-08-23,737,255,615,217,0.346,0.3528,2608.0,827.0,False,False
2020-08-24,3940,1370,3274,1132,0.3477,0.3458,2636.4,847.7,False,False
2020-08-25,3644,1321,2981,1065,0.3625,0.3573,2568.9,829.1,False,False
2020-08-26,5138,1631,4552,1444,0.3174,0.3172,2714.3,875.6,False,False
2020-08-27,5143,1444,4530,1253,0.2808,0.2766,2964.0,935.7,False,False
2020-08-28,5197,1384,4585,1212,0.2663,0.2643,3116.1,958.3,False,False
2020-08-29,2111,542,1826,483,0.2568,0.2645,3194.7,972.3,False,False
2020-08-30,920,279,721,240,0.3033,0.3329,3209.9,975.6,False,False
2020-08-31,4157,1386,3475,1105,0.3334,0.318,3238.6,971.7,False,False
2020-09-01,5166,1774,4561,1530,0.3434,0.3355,3464.3,1038.1,False,False
2020-09-02,5373,1759,4705,1508,0.3274,0.3205,3486.1,1047.3,False,False
2020-09-03,5521,1545,4760,1324,0.2798,0.2782,3519.0,1057.4,False,False
2020-09-04,5320,1479,4698,1266,0.278,0.2695,3535.1,1065.1,False,False
2020-09-05,2000,549,1739,466,0.2745,0.268,3522.7,1062.7,False,False
2020-09-06,1145,335,952,285,0.2926,0.2994,3555.7,1069.1,False,False
2020-09-07,4018,1251,3381,1038,0.3113,0.307,3542.3,1059.6,False,False
2020-09-08,4997,1621,4384,1411,0.3244,0.3219,3517.0,1042.6,False,False
2020-09-09,5106,1450,4451,1272,0.284,0.2858,3480.7,1008.9,False,False
2020-09-10,5514,1381,4804,1206,0.2505,0.251,3487.0,992.0,False,False
2020-09-11,4918,1274,4357,1135,0.259,0.2605,3438.3,973.3,False,False
2020-09-12,2125,674,1899,609,0.3172,0.3207,3461.1,993.7,False,False
2020-09-13,706,232,575,194,0.3286,0.3374,3407.3,980.7,False,False
2020-09-14,4184,1254,3536,1041,0.2997,0.2944,3429.4,981.1,False,False
2020-09-15,3169,941,2720,810,0.2969,0.2978,3191.7,895.3,False,False
2020-09-16,578,194,479,161,0.3356,0.3361,2624.3,736.6,False,False
2020-09-17,4446,1496,3827,1279,0.3365,0.3342,2484.7,747.0,False,False
2020-09-18,4536,1380,3970,1203,0.3042,0.303,2429.4,756.7,False,False
2020-09-19,1913,614,1672,552,0.321,0.3301,2397.0,748.6,False,False
2020-09-20,795,285,657,243,0.3585,0.3699,2408.7,755.6,False,False
2020-09-21,3604,1197,3097,1017,0.3321,0.3284,2346.0,752.1,False,False
2020-09-22,4575,1447,3996,1287,0.3163,0.3221,2528.3,820.3,False,False
2020-09-23,4405,1420,3782,1216,0.3224,0.3215,3000.1,971.0,False,False
2020-09-24,4223,1264,3722,1111,0.2993,0.2985,2985.1,947.0,False,False
2020-09-25,4381,1298,3758,1134,0.2963,0.3018,2954.9,937.1,False,False
2020-09-26,2102,703,1847,618,0.3344,0.3346,2979.9,946.6,False,False
2020-09-27,860,295,706,261,0.343,0.3697,2986.9,949.1,False,False
2020-09-28,4304,1408,3669,1195,0.3271,0.3257,3068.6,974.6,False,False
2020-09-29,4447,1417,3869,1268,0.3186,0.3277,3050.4,971.9,False,False
2020-09-30,4367,1356,3782,1209,0.3105,0.3197,3050.4,970.9,False,False
2020-10-01,3990,1292,3497,1147,0.3238,0.328,3018.3,976.0,False,False
2020-10-02,4377,1161,3780,1012,0.2653,0.2677,3021.4,958.6,False,False
2020-10-03,1781,561,1583,502,0.315,0.3171,2983.7,942.0,False,False
2020-10-04,749,282,637,243,0.3765,0.3815,2973.9,939.4,False,False
2020-10-05,3767,1299,3155,1096,0.3448,0.3474,2900.4,925.3,False,False
2020-10-06,4478,1382,3943,1214,0.3086,0.3079,2911.0,917.6,False,False
2020-10-07,4790,1371,4163,1203,0.2862,0.289,2965.4,916.7,False,False
2020-10-08,4492,1272,3944,1141,0.2832,0.2893,3029.3,915.9,False,False
2020-10-09,4486,1297,3970,1170,0.2891,0.2947,3056.4,938.4,False,False
2020-10-10,1601,484,1388,422,0.3023,0.304,3028.6,927.0,False,False
2020-10-11,861,286,737,261,0.3322,0.3541,3042.9,929.6,False,False
2020-10-12,4506,1406,3840,1210,0.312,0.3151,3140.7,945.9,False,False
2020-10-13,5628,1751,4854,1473,0.3111,0.3035,3270.9,982.9,False,False
2020-10-14,4994,1371,4371,1201,0.2745,0.2748,3300.6,982.6,False,False
2020-10-15,4430,1410,3888,1261,0.3183,0.3243,3292.6,999.7,False,False
2020-10-16,5512,1694,4883,1493,0.3073,0.3058,3423.0,1045.9,False,False
2020-10-17,2164,666,1922,592,0.3078,0.308,3499.3,1070.1,False,False
2020-10-18,1121,373,974,309,0.3327,0.3172,3533.1,1077.0,False,False
2020-10-19,6630,2154,5963,1870,0.3249,0.3136,3836.4,1171.3,False,False
2020-10-20,7313,2234,6490,1973,0.3055,0.304,4070.1,1242.7,False,False
2020-10-21,7120,1931,6277,1720,0.2712,0.274,4342.4,1316.9,False,False
2020-10-22,7644,1941,6734,1713,0.2539,0.2544,4749.0,1381.4,False,False
2020-10-23,7308,1975,6506,1755,0.2703,0.2698,4980.9,1418.9,False,False
2020-10-24,2384,717,2102,623,0.3008,0.2964,5006.6,1423.3,False,False
2020-10-25,1556,491,1337,417,0.3156,0.3119,5058.4,1438.7,False,False
2020-10-26,7613,2249,6658,1944,0.2954,0.292,5157.7,1449.3,False,False
2020-10-27,8187,2180,7270,1926,0.2663,0.2649,5269.1,1442.6,False,False
2020-10-28,8106,2147,7192,1937,0.2649,0.2693,5399.9,1473.6,False,False
2020-10-29,7794,1869,6770,1601,0.2398,0.2365,5405.0,1457.6,False,False
2020-10-30,6761,1788,5818,1542,0.2645,0.265,5306.7,1427.1,False,False
2020-10-31,2166,739,1921,651,0.3412,0.3389,5280.9,1431.1,False,False
2020-11-01,994,389,825,320,0.3913,0.3879,5207.7,1417.3,False,False
2020-11-02,2018,706,1757,627,0.3499,0.3569,4507.6,1229.1,False,False
2020-11-03,6964,2410,6064,2087,0.3461,0.3442,4335.3,1252.1,False,False
2020-11-04,6996,2222,6145,1980,0.3176,0.3222,4185.7,1258.3,False,False
2020-11-05,6771,2084,6037,1889,0.3078,0.3129,4081.0,1299.4,False,False
2020-11-06,6469,1936,5736,1723,0.2993,0.3004,4069.3,1325.3,False,False
2020-11-07,2609,891,2289,787,0.3415,0.3438,4121.9,1344.7,False,False
2020-11-08,1034,441,821,348,0.4265,0.4239,4121.3,1348.7,False,False
2020-11-09,7302,2610,6383,2286,0.3574,0.3581,4782.1,1585.7,False,False
2020-11-10,7936,2709,6964,2334,0.3414,0.3352,4910.7,1621.0,False,False
2020-11-11,6887,2107,5979,1843,0.3059,0.3082,4887.0,1601.4,False,False
2020-11-12,6603,1858,5768,1630,0.2814,0.2826,4848.6,1564.4,False,False
2020-11-13,6600,1926,5837,1695,0.2918,0.2904,4863.0,1560.4,False,False
2020-11-14,2125,693,1847,586,0.3261,0.3173,4799.9,1531.7,False,False
2020-11-15,1020,366,888,325,0.3588,0.366,4809.4,1528.4,False,False
2020-11-16,822,342,701,288,0.4161,0.4108,3997.7,1243.0,False,False
2020-11-17,6646,1999,5813,1726,0.3008,0.2969,3833.3,1156.1,False,False
2020-11-18,6572,2225,5713,1896,0.3386,0.3319,3795.3,1163.7,False,False
2020-11-19,6943,2180,6080,1928,0.314,0.3171,3839.9,1206.3,False,False
2020-11-20,6385,1905,5546,1634,0.2984,0.2946,3798.3,1197.6,False,False
2020-11-21,3742,1215,3338,1072,0.3247,0.3212,4011.3,1267.0,False,False
2020-11-22,2486,1493,2077,1230,0.6006,0.5922,4181.1,1396.3,False,False
2020-11-23,8855,3406,7650,2841,0.3846,0.3714,5173.9,1761.0,False,False
2020-11-24,10244,3130,8865,2762,0.3055,0.3116,5609.9,1909.0,False,False
2020-11-25,10379,2596,8968,2260,0.2501,0.252,6074.9,1961.0,False,False
2020-11-26,10570,2775,9111,2415,0.2625,0.2651,6507.9,2030.6,False,False
2020-11-27,10318,2758,8971,2400,0.2673,0.2675,6997.1,2140.0,False,False
2020-11-28,4214,1050,3693,887,0.2492,0.2402,7047.9,2113.6,False,False
2020-11-29,2419,735,2064,631,0.3038,0.3057,7046.0,2028.0,False,False
2020-11-30,11574,3227,10008,2751,0.2788,0.2749,7382.9,2015.1,False,False
2020-12-01,12980,3424,11224,2973,0.2638,0.2649,7719.9,2045.3,False,False
2020-12-02,14526,3645,12495,3129,0.2509,0.2504,8223.7,2169.4,False,False
2020-12-03,14892,3749,12931,3256,0.2517,0.2518,8769.4,2289.6,False,False
2020-12-04,15624,3893,13372,3312,0.2492,0.2477,9398.1,2419.9,False,False
2020-12-05,5456,1472,4826,1289,0.2698,0.2671,9560.0,2477.3,False,False
2020-12-06,3403,938,2878,774,0.2756,0.2689,9676.3,2497.7,False,False
2020-12-07,16414,4715,14054,4014,0.2873,0.2856,10254.3,2678.1,False,False
2020-12-08,18026,4857,15408,4092,0.2694,0.2656,10852.0,2838.0,False,False
2020-12-09,17078,4594,14614,3872,0.269,0.265,11154.7,2944.1,False,False
2020-12-10,17742,4549,15314,3896,0.2564,0.2544,11495.1,3035.6,False,False
2020-12-11,17025,4375,14616,3754,0.257,0.2568,11672.9,3098.7,False,False
2020-12-12,5709,1737,4987,1512,0.3043,0.3032,11695.9,3130.6,False,False
2020-12-13,3334,1040,2739,854,0.3119,0.3118,11676.0,3142.0,False,False
2020-12-14,17391,5105,14540,4275,0.2935,0.294,11745.4,3179.3,False,False
2020-12-15,17156,5026,14589,4255,0.293,0.2917,11628.4,3202.6,False,False
2020-12-16,16646,4933,13925,4131,0.2963,0.2967,11530.0,3239.6,False,False
2020-12-17,16885,4654,14186,3885,0.2756,0.2739,11368.9,3238.0,False,False
2020-12-18,17509,4938,15002,4112,0.282,0.2741,11424.0,3289.1,False,False
2020-12-19,6761,1761,5950,1516,0.2605,0.2548,11561.6,3289.7,False,False
2020-12-20,3947,1050,3227,858,0.266,0.2659,11631.3,3290.3,False,False
2020-12-21,18338,5665,15719,4826,0.3089,0.307,11799.7,3369.0,False,False
2020-12-22,17416,4913,15016,4167,0.2821,0.2775,11860.7,3356.4,False,False
2020-12-23,16729,4667,14527,3992,0.279,0.2748,11946.7,3336.6,False,False
2020-12-24,12972,3456,11412,2990,0.2664,0.262,11550.4,3208.7,False,False
2020-12-25,2561,840,2082,661,0.328,0.3175,9704.7,2715.7,False,False
2020-12-26,5453,1594,4660,1378,0.2923,0.2957,9520.4,2696.0,False,False
2020-12-27,3732,1063,3171,893,0.2848,0.2816,9512.4,2701.0,False,False
2020-12-28,16172,4451,14060,3916,0.2752,0.2785,9275.4,2571.0,False,False
2020-12-29,17443,4693,15222,4054,0.269,0.2663,9304.9,2554.9,False,False
2020-12-30,16470,4208,14453,3641,0.2555,0.2519,9294.3,2504.7,False,False
2020-12-31,12835,3436,11433,2985,0.2677,0.2611,9297.3,2504.0,False,False
2021-01-01,2829,812,2475,704,0.287,0.2844,9353.4,2510.1,False,False
2021-01-02,4697,1566,3987,1331,0.3334,0.3338,9257.3,2503.4,False,False
2021-01-03,4290,1328,3507,1091,0.3096,0.3111,9305.3,2531.7,False,False
2021-01-04,15805,4543,13773,3927,0.2874,0.2851,9264.3,2533.3,False,False
2021-01-05,18086,5126,15615,4486,0.2834,0.2873,9320.4,2595.0,False,False
2021-01-06,17746,4959,15462,4278,0.2794,0.2767,9464.6,2686.0,False,False
2021-01-07,20145,5335,17165,4614,0.2648,0.2688,10283.4,2918.7,False,False
2021-01-08,18517,4876,15652,4149,0.2633,0.2651,12165.9,3410.9,False,False
2021-01-09,7306,2215,6361,1930,0.3032,0.3034,12505.0,3496.4,False,False
2021-01-10,5336,1416,4344,1209,0.2654,0.2783,12624.6,3513.3,False,False
2021-01-11,19949,5456,17095,4767,0.2735,0.2789,13099.1,3633.3,False,False
2021-01-12,22130,6234,18937,5360,0.2817,0.283,13573.7,3758.1,False,False
2021-01-13,21977,5786,18788,4995,0.2633,0.2659,14048.9,3860.6,False,False
2021-01-14,27155,7703,23445,6850,0.2837,0.2922,14946.0,4180.0,False,False
2021-01-15,24783,7177,21541,6332,0.2896,0.294,15787.3,4491.9,False,False
2021-01-16,10280,3028,9036,2725,0.2946,0.3016,16169.4,4605.4,False,False
2021-01-17,8338,2399,7116,2109,0.2877,0.2964,16565.4,4734.0,False,False
2021-01-18,24709,7314,21454,6316,0.296,0.2944,17188.1,4955.3,False,False
2021-01-19,26866,7356,23111,6361,0.2738,0.2752,17784.4,5098.3,False,False
2021-01-20,26152,7378,22614,6433,0.2821,0.2845,18331.0,5303.7,False,False
2021-01-21,26526,6613,22674,5718,0.2493,0.2522,18220.9,5142.0,False,False
2021-01-22,25241,5827,21479,4969,0.2309,0.2313,18212.0,4947.3,False,False
2021-01-23,9134,2294,7735,1988,0.2511,0.257,18026.1,4842.0,False,False
2021-01-24,7160,1682,6097,1502,0.2349,0.2464,17880.6,4755.3,False,False
2021-01-25,23897,5664,20476,4821,0.237,0.2354,17740.9,4541.7,False,False
2021-01-26,23644,4920,20237,4301,0.2081,0.2125,17330.3,4247.4,False,False
2021-01-27,26719,5575,23077,4905,0.2087,0.2125,17396.4,4029.1,False,False
2021-01-28,24347,5013,20871,4362,0.2059,0.209,17138.9,3835.4,False,False
2021-01-29,21833,4274,18899,3670,0.1958,0.1942,16770.3,3649.9,False,False
2021-01-30,8487,1411,7141,1203,0.1663,0.1685,16685.4,3537.7,False,False
2021-01-31,6048,1007,5101,858,0.1665,0.1682,16543.1,3445.7,False,False
2021-02-01,5305,1076,4570,918,0.2028,0.2009,14270.9,2888.1,False,False
2021-02-02,20800,4238,18108,3681,0.2037,0.2033,13966.7,2799.6,False,False
2021-02-03,23113,4021,19978,3434,0.174,0.1719,13524.0,2589.4,False,False
2021-02-04,19797,3396,16932,2956,0.1715,0.1746,12961.3,2388.6,False,False
2021-02-05,19487,3220,16985,2872,0.1652,0.1691,12687.9,2274.6,False,False
2021-02-06,6494,1072,5623,914,0.1651,0.1625,12471.0,2233.3,False,False
2021-02-07,4569,664,3960,566,0.1453,0.1429,12308.0,2191.6,False,False
2021-02-08,18860,3424,16297,2975,0.1815,0.1825,13983.3,2485.4,False,False
2021-02-09,20029,3399,17226,2890,0.1697,0.1678,13857.3,2372.4,False,False
2021-02-10,19557,3185,16659,2695,0.1629,0.1618,13383.1,2266.9,False,False
2021-02-11,17746,2684,15019,2263,0.1512,0.1507,13109.9,2167.9,False,False
2021-02-12,18162,2806,15593,2468,0.1545,0.1583,12911.0,2110.1,False,False
2021-02-13,5583,957,4890,823,0.1714,0.1683,12806.3,2097.1,False,False
2021-02-14,3758,479,3344,426,0.1275,0.1274,12718.3,2077.1,False,False
2021-02-15,18226,2846,15657,2475,0.1562,0.1581,12626.9,2005.7,False,False
2021-02-16,17282,2641,15043,2313,0.1528,0.1538,12315.0,1923.3,False,False
2021-02-17,17292,2536,14807,2214,0.1467,0.1495,12050.4,1854.6,False,False
2021-02-18,16873,2280,14350,1983,0.1351,0.1382,11954.9,1814.6,False,False
2021-02-19,15779,2384,13738,2094,0.1511,0.1524,11689.9,1761.1,False,False
2021-02-20,5235,830,4463,704,0.1585,0.1577,11628.9,1744.1,False,False
2021-02-21,3579,488,3009,421,0.1364,0.1399,11581.0,1743.4,False,False
2021-02-22,17163,2762,14804,2390,0.1609,0.1614,11459.1,1731.3,False,False
2021-02-23,16768,2570,14408,2288,0.1533,0.1588,11368.4,1727.7,False,False
2021-02-24,16148,2358,13837,2095,0.146,0.1514,11229.9,1710.7,False,False
2021-02-25,14801,2217,12583,1975,0.1498,0.157,10977.4,1709.6,False,False
2021-02-26,15085,2077,12909,1819,0.1377,0.1409,10859.0,1670.3,False,False
2021-02-27,4929,780,4083,683,0.1582,0.1673,10804.7,1667.3,False,False
2021-02-28,4098,510,3444,445,0.1245,0.1292,10866.9,1670.7,False,False
2021-03-01,16520,2673,13918,2318,0.1618,0.1665,10740.3,1660.4,False,False
2021-03-02,14877,2178,12693,1891,0.1464,0.149,10495.3,1603.7,False,False
2021-03-03,15964,2333,13529,2049,0.1461,0.1515,10451.3,1597.1,False,False
2021-03-04,13389,2054,11429,1834,0.1534,0.1605,10286.4,1577.0,False,False
2021-03-05,11544,1794,9824,1595,0.1554,0.1624,9845.7,1545.0,False,False
2021-03-06,5648,720,4665,645,0.1275,0.1383,9928.9,1539.6,False,False
2021-03-07,4000,507,3283,424,0.1268,0.1292,9905.9,1536.6,False,False
2021-03-08,14767,2390,12820,2058,0.1618,0.1605,9749.0,1499.4,False,False
2021-03-09,13656,2020,12003,1778,0.1479,0.1481,9650.4,1483.3,False,False
2021-03-10,12278,1759,10425,1553,0.1433,0.149,9207.0,1412.4,False,False
2021-03-11,12105,1691,10350,1495,0.1397,0.1444,9052.9,1364.0,False,False
2021-03-12,12155,1629,10397,1447,0.134,0.1392,9134.7,1342.9,False,False
2021-03-13,3900,579,3324,513,0.1485,0.1543,8943.1,1324.0,False,False
2021-03-14,2095,320,1790,277,0.1527,0.1547,8729.9,1303.0,False,False
2021-03-15,2635,352,2296,316,0.1336,0.1376,7226.4,1054.1,False,False
2021-03-16,13734,2018,11850,1772,0.1469,0.1495,7204.6,1053.3,False,False
2021-03-17,13042,1686,11249,1477,0.1293,0.1313,7322.3,1042.4,False,False
2021-03-18,12105,1481,10420,1321,0.1223,0.1268,7332.3,1017.6,False,False
2021-03-19,10904,1238,9317,1095,0.1135,0.1175,7178.0,967.3,False,False
2021-03-20,3420,509,2899,410,0.1488,0.1414,7117.3,952.6,False,False
2021-03-21,2393,319,2108,268,0.1333,0.1271,7162.7,951.3,False,False
2021-03-22,14111,1689,12097,1477,0.1197,0.1221,8562.9,1117.1,False,False
2021-03-23,11900,1538,10137,1384,0.1292,0.1365,8318.1,1061.7,False,False
2021-03-24,12315,1297,10393,1127,0.1053,0.1084,8195.9,1011.7,False,False
2021-03-25,10937,1160,9407,1036,0.1061,0.1101,8051.1,971.0,False,False
2021-03-26,9145,1105,7745,984,0.1208,0.127,7826.6,955.1,False,False
2021-03-27,3802,438,3216,376,0.1152,0.1169,7871.9,950.3,False,False
2021-03-28,2039,253,1737,226,0.1241,0.1301,7818.9,944.3,False,False
2021-03-29,11246,1401,9702,1178,0.1246,0.1214,7476.7,901.6,False,False
2021-03-30,11580,1249,9961,1089,0.1079,0.1093,7451.6,859.4,False,False
2021-03-31,9630,1198,8344,1042,0.1244,0.1249,7158.9,847.3,False,False
2021-04-01,8674,720,7409,609,0.083,0.0822,6873.4,786.3,False,False
2021-04-02,5832,567,4927,485,0.0972,0.0984,6470.9,715.0,False,False
2021-04-03,1504,217,1335,190,0.1443,0.1423,6202.1,688.4,False,False
2021-04-04,1537,240,1322,189,0.1561,0.143,6142.9,683.1,False,False
2021-04-05,10082,1219,8591,1051,0.1209,0.1223,5984.1,665.0,False,False
2021-04-06,9678,1218,8308,1060,0.1259,0.1276,5748.0,660.9,False,False
2021-04-07,10164,1171,8751,1030,0.1152,0.1177,5806.1,659.1,False,False
2021-04-08,10936,1055,9310,927,0.0965,0.0996,6077.7,704.6,False,False
2021-04-09,9915,1039,8384,906,0.1048,0.1081,6571.6,764.7,False,False
2021-04-10,3661,458,3152,387,0.1251,0.1228,6831.1,792.9,False,False
2021-04-11,2833,242,2356,191,0.0854,0.0811,6978.9,793.1,False,False
2021-04-12,11469,1217,9537,1054,0.1061,0.1105,7114.0,793.6,False,False
2021-04-13,12887,1187,10863,1013,0.0921,0.0933,7479.0,786.9,False,False
2021-04-14,10021,834,8652,755,0.0832,0.0873,7464.9,747.6,False,False
2021-04-15,10484,893,9010,789,0.0852,0.0876,7422.0,727.9,False,False
2021-04-16,9447,896,8212,775,0.0948,0.0944,7397.4,709.1,False,False
2021-04-17,3594,321,3168,277,0.0893,0.0874,7399.7,693.4,False,False
2021-04-18,2295,187,1964,167,0.0815,0.085,7343.7,690.0,False,False
2021-04-19,11307,960,9813,846,0.0849,0.0862,7383.1,660.3,False,False
2021-04-20,11866,1099,10331,948,0.0926,0.0918,7307.1,651.0,False,False
2021-04-21,11084,778,9536,680,0.0702,0.0713,7433.4,640.3,False,False
2021-04-22,10532,961,9235,857,0.0912,0.0928,7465.6,650.0,False,False
2021-04-23,10116,702,8765,610,0.0694,0.0696,7544.6,626.4,False,False
2021-04-24,3194,258,2766,208,0.0808,0.0752,7487.1,616.6,False,False
2021-04-25,2674,163,2331,140,0.061,0.0601,7539.6,612.7,False,False
2021-04-26,9650,826,8285,714,0.0856,0.0862,7321.3,593.9,False,False
2021-04-27,9174,705,7958,639,0.0768,0.0803,6982.3,549.7,False,False
2021-04-28,9544,768,8184,666,0.0805,0.0814,6789.1,547.7,False,False
2021-04-29,8177,660,7105,571,0.0807,0.0804,6484.9,506.9,False,False
2021-04-30,7122,496,6126,448,0.0696,0.0731,6107.9,483.7,False,False
2021-05-01,2140,170,1841,141,0.0794,0.0766,5975.7,474.1,False,False
2021-05-02,1659,165,1441,145,0.0995,0.1006,5848.6,474.9,False,False
2021-05-03,7353,652,6240,568,0.0887,0.091,5556.4,454.0,False,False
2021-05-04,7179,618,6135,500,0.0861,0.0815,5296.0,434.1,False,False
2021-05-05,7097,599,6077,506,0.0844,0.0833,4995.0,411.3,False,False
2021-05-06,6668,544,5746,470,0.0816,0.0818,4800.9,396.9,False,False
2021-05-07,6317,445,5483,378,0.0704,0.0689,4709.0,386.9,False,False
2021-05-08,2192,172,1938,147,0.0785,0.0759,4722.9,387.7,False,False
2021-05-09,1437,69,1232,62,0.048,0.0503,4693.0,375.9,False,False
2021-05-10,6027,502,5123,421,0.0833,0.0822,4533.4,354.9,False,False
2021-05-11,7056,563,6015,478,0.0798,0.0795,4516.3,351.7,False,False
2021-05-12,7524,602,6560,469,0.08,0.0715,4585.3,346.4,False,False
2021-05-13,7120,535,6104,428,0.0751,0.0701,4636.4,340.4,False,False
2021-05-14,6809,506,5762,425,0.0743,0.0738,4676.3,347.1,False,False
2021-05-15,2417,121,2002,112,0.0501,0.0559,4685.4,342.1,False,False
2021-05-16,1471,82,1215,71,0.0557,0.0584,4683.0,343.4,False,False
2021-05-17,7255,594,6281,474,0.0819,0.0755,4848.4,351.0,False,False
2021-05-18,3713,292,3175,243,0.0786,0.0765,4442.7,317.4,False,False
2021-05-19,7182,461,6153,387,0.0642,0.0629,4384.6,305.7,False,False
2021-05-20,5859,327,5017,264,0.0558,0.0526,4229.3,282.3,False,False
2021-05-21,5941,297,5202,272,0.05,0.0523,4149.3,260.4,False,False
2021-05-22,2440,141,2119,105,0.0578,0.0496,4166.0,259.4,False,False
2021-05-23,1320,82,1091,68,0.0621,0.0623,4148.3,259.0,False,False
2021-05-24,6614,418,5504,328,0.0632,0.0596,4037.3,238.1,False,False
2021-05-25,6932,467,5922,393,0.0674,0.0664,4429.7,259.6,False,False
2021-05-26,6993,467,6070,392,0.0668,0.0646,4417.9,260.3,False,False
2021-05-27,6417,415,5601,344,0.0647,0.0614,4501.3,271.7,False,False
2021-05-28,6117,337,5344,311,0.0551,0.0582,4521.6,277.3,False,False
2021-05-29,1821,116,1607,100,0.0637,0.0622,4448.4,276.6,False,False
2021-05-30,1474,83,1236,67,0.0563,0.0542,4469.1,276.4,False,False
2021-05-31,6440,488,5592,441,0.0758,0.0789,4481.7,292.6,False,False
2021-06-01,7307,476,6296,420,0.0651,0.0667,4535.1,296.4,False,False
2021-06-02,6355,545,5507,474,0.0858,0.0861,4454.7,308.1,False,False
2021-06-03,5711,376,5059,350,0.0658,0.0692,4377.3,309.0,False,False
2021-06-04,5945,416,4996,347,0.07,0.0695,4327.6,314.1,False,False
2021-06-05,1616,166,1443,147,0.1027,0.1019,4304.1,320.9,False,False
2021-06-06,1026,107,837,87,0.1043,0.1039,4247.1,323.7,False,False
2021-06-07,6174,604,5372,536,0.0978,0.0998,4215.7,337.3,False,False
2021-06-08,7264,678,6397,612,0.0933,0.0957,4230.1,364.7,False,False
2021-06-09,6960,657,6075,603,0.0944,0.0993,4311.3,383.1,False,False
2021-06-10,5795,492,5117,432,0.0849,0.0844,4319.6,394.9,False,False
2021-06-11,5981,454,5150,411,0.0759,0.0798,4341.6,404.0,False,False
2021-06-12,2178,248,1902,217,0.1139,0.1141,4407.1,414.0,False,False
2021-06-13,1373,150,1135,127,0.1092,0.1119,4449.7,419.7,False,False
2021-06-14,6455,729,5638,661,0.1129,0.1172,4487.7,437.6,False,False
2021-06-15,6181,695,5327,612,0.1124,0.1149,4334.9,437.6,False,False
2021-06-16,6726,738,5923,669,0.1097,0.1129,4313.1,447.0,False,False
2021-06-17,6988,738,6135,662,0.1056,0.1079,4458.6,479.9,False,False
2021-06-18,6421,652,5685,593,0.1015,0.1043,4535.0,505.9,False,False
2021-06-19,2170,339,1916,308,0.1562,0.1608,4537.0,518.9,False,False
2021-06-20,2052,208,1832,189,0.1014,0.1032,4636.6,527.7,False,False
2021-06-21,6683,957,6042,885,0.1432,0.1465,4694.3,559.7,False,False
2021-06-22,8154,1089,7130,1002,0.1336,0.1405,4951.9,615.4,False,False
2021-06-23,8116,1142,7121,1044,0.1407,0.1466,5123.0,669.0,False,False
2021-06-24,8692,1275,7523,1163,0.1467,0.1546,5321.3,740.6,False,False
2021-06-25,7776,1120,6921,1037,0.144,0.1498,5497.9,804.0,False,False
2021-06-26,2980,497,2634,452,0.1668,0.1716,5600.4,824.6,False,False
2021-06-27,2281,382,2035,336,0.1675,0.1651,5629.4,845.6,False,False
2021-06-28,9031,1468,7914,1311,0.1626,0.1657,5896.9,906.4,False,False
2021-06-29,9087,1538,7991,1411,0.1693,0.1766,6019.9,964.9,False,False
2021-06-30,8385,1336,7307,1222,0.1593,0.1672,6046.4,990.3,False,False
2021-07-01,8097,1505,7211,1377,0.1859,0.191,6001.9,1020.9,False,False
2021-07-02,8459,1621,7577,1504,0.1916,0.1985,6095.6,1087.6,False,False
2021-07-03,3171,707,2814,615,0.223,0.2186,6121.3,1110.9,False,False
2021-07-04,2452,441,2208,397,0.1799,0.1798,6146.0,1119.6,False,False
2021-07-05,10547,2218,9580,2054,0.2103,0.2144,6384.0,1225.7,False,False
2021-07-06,11647,2456,10200,2243,0.2109,0.2199,6699.6,1344.6,False,False
2021-07-07,11561,2688,10379,2487,0.2325,0.2396,7138.4,1525.3,False,False
2021-07-08,12971,2693,11566,2449,0.2076,0.2117,7760.6,1678.4,False,False
2021-07-09,12660,2712,11462,2492,0.2142,0.2174,8315.6,1819.6,False,False
2021-07-10,3914,839,3450,785,0.2144,0.2275,8406.4,1843.9,False,False
2021-07-11,3600,853,3197,761,0.2369,0.238,8547.7,1895.9,False,False
2021-07-12,14578,3389,13049,3073,0.2325,0.2355,9043.3,2041.4,False,False
2021-07-13,16510,3521,14870,3248,0.2133,0.2184,9710.4,2185.0,False,False
2021-07-14,15800,3579,14116,3237,0.2265,0.2293,10244.3,2292.1,False,False
2021-07-15,16397,3454,14548,3141,0.2106,0.2159,10670.3,2391.0,False,False
2021-07-16,14744,3148,13207,2826,0.2135,0.214,10919.6,2438.7,False,False
2021-07-17,5588,1127,4973,1026,0.2017,0.2063,11137.1,2473.1,False,False
2021-07-18,4874,1044,4149,929,0.2142,0.2239,11273.1,2497.1,False,False
2021-07-19,17563,4331,15586,3856,0.2466,0.2474,11635.6,2609.0,False,False
2021-07-20,18107,4342,16090,3917,0.2398,0.2434,11809.9,2704.6,False,False
2021-07-21,18968,4533,16877,4111,0.239,0.2436,12204.3,2829.4,False,False
2021-07-22,19110,4344,16668,3798,0.2273,0.2279,12507.1,2923.3,False,False
2021-07-23,17482,3954,15401,3498,0.2262,0.2271,12820.6,3019.3,False,False
2021-07-24,6545,1701,5707,1465,0.2599,0.2567,12925.4,3082.0,False,False
2021-07-25,6000,1306,5199,1107,0.2177,0.2129,13075.4,3107.4,False,False
2021-07-26,17758,4565,15602,3941,0.2571,0.2526,13077.7,3119.6,False,False
2021-07-27,19237,4774,16837,4208,0.2482,0.2499,13184.4,3161.1,False,False
2021-07-28,19509,4549,17152,4011,0.2332,0.2339,13223.7,3146.9,False,False
2021-07-29,19720,4774,17368,4205,0.2421,0.2421,13323.7,3205.0,False,False
2021-07-30,18553,4889,16525,4329,0.2635,0.262,13484.3,3323.7,False,False
2021-07-31,5193,1458,4668,1273,0.2808,0.2727,13335.9,3296.3,False,False
2021-08-01,5375,1062,4474,907,0.1976,0.2027,13232.3,3267.7,False,False
2021-08-02,17980,4436,15844,3857,0.2467,0.2434,13266.9,3255.7,False,False
2021-08-03,19866,5122,17613,4540,0.2578,0.2578,13377.7,3303.1,False,False
2021-08-04,19101,4951,16845,4312,0.2592,0.256,13333.9,3346.1,False,False
2021-08-05,19543,4812,17206,4205,0.2462,0.2444,13310.7,3346.1,False,False
2021-08-06,17644,4357,15620,3774,0.2469,0.2416,13181.4,3266.9,False,False
2021-08-07,6509,1823,5740,1606,0.2801,0.2798,13334.6,3314.4,False,False
2021-08-08,5192,1228,4603,1086,0.2365,0.2359,13353.0,3340.0,False,False
2021-08-09,17291,4375,15127,3779,0.253,0.2498,13250.6,3328.9,False,False
2021-08-10,20478,4842,18098,4253,0.2364,0.235,13319.9,3287.9,False,False
2021-08-11,21605,5375,19101,4761,0.2488,0.2493,13642.1,3352.0,False,False
2021-08-12,21796,4556,19243,4042,0.209,0.2101,13933.1,3328.7,False,False
2021-08-13,19900,4203,17581,3705,0.2112,0.2107,14213.3,3318.9,False,False
2021-08-14,6845,1757,6053,1575,0.2567,0.2602,14258.0,3314.4,False,False
2021-08-15,5425,938,4703,789,0.1729,0.1678,14272.3,3272.0,False,False
2021-08-16,17007,3347,14898,2914,0.1968,0.1956,14239.6,3148.4,False,False
2021-08-17,19256,4435,16823,3887,0.2303,0.2311,14057.4,3096.1,False,False
2021-08-18,22674,4689,19974,4196,0.2068,0.2101,14182.1,3015.4,False,False
2021-08-19,20891,3837,18369,3393,0.1837,0.1847,14057.3,2922.7,False,False
2021-08-20,19638,3804,17461,3372,0.1937,0.1931,14040.1,2875.1,False,False
2021-08-21,6586,1390,5688,1215,0.2111,0.2136,13988.0,2823.7,False,False
2021-08-22,5930,1021,5187,915,0.1722,0.1764,14057.1,2841.7,False,False
2021-08-23,17640,3476,15334,3004,0.1971,0.1959,14119.4,2854.6,False,False
2021-08-24,18839,3786,16417,3270,0.201,0.1992,14061.4,2766.4,False,False
2021-08-25,18228,3417,15846,2960,0.1875,0.1868,13471.7,2589.9,False,False
2021-08-26,17979,3056,15688,2705,0.17,0.1724,13088.7,2491.6,False,False
2021-08-27,16209,2757,14085,2405,0.1701,0.1707,12606.4,2353.4,False,False
2021-08-28,4696,1002,4099,873,0.2134,0.213,12379.4,2304.6,False,False
2021-08-29,4044,634,3524,548,0.1568,0.1555,12141.9,2252.1,False,False
2021-08-30,14135,2559,12356,2190,0.181,0.1772,11716.4,2135.9,False,False
2021-08-31,14868,2705,13024,2384,0.1819,0.183,11231.7,2009.3,False,False
2021-09-01,15282,2620,13331,2331,0.1714,0.1749,10872.4,1919.4,False,False
2021-09-02,14577,2434,12725,2168,0.167,0.1704,10449.1,1842.7,False,False
2021-09-03,15145,2442,13135,2159,0.1612,0.1644,10313.4,1807.6,False,False
2021-09-04,5320,970,4430,824,0.1823,0.186,10360.7,1800.6,False,False
2021-09-05,4270,695,3650,602,0.1628,0.1649,10378.7,1808.3,False,False
2021-09-06,14217,2599,12480,2312,0.1828,0.1853,10396.4,1825.7,False,False
2021-09-07,13974,2524,12110,2229,0.1806,0.1841,10265.9,1803.6,False,False
2021-09-08,11950,2095,10385,1846,0.1753,0.1778,9845.0,1734.3,False,False
2021-09-09,12303,2039,10868,1824,0.1657,0.1678,9579.7,1685.1,False,False
2021-09-10,11979,1825,10355,1617,0.1523,0.1562,9182.6,1607.7,False,False
2021-09-11,3892,658,3390,590,0.1691,0.174,9034.0,1574.3,False,False
2021-09-12,3138,533,2705,457,0.1699,0.1689,8899.0,1553.6,False,False
2021-09-13,12832,2331,11305,2106,0.1817,0.1863,8731.1,1524.1,False,False
2021-09-14,11773,1943,10268,1671,0.165,0.1627,8468.0,1444.4,False,False
2021-09-15,7936,1146,6960,1003,0.1444,0.1441,7978.7,1324.0,False,False
2021-09-16,1720,290,1441,245,0.1686,0.17,6632.0,1098.4,False,False
2021-09-17,11945,1892,10543,1691,0.1584,0.1604,6658.9,1109.0,False,False
2021-09-18,3714,591,3288,506,0.1591,0.1539,6644.3,1097.0,False,False
2021-09-19,3299,364,2826,325,0.1103,0.115,6661.6,1078.1,False,False
2021-09-20,12489,2021,10949,1785,0.1618,0.163,6610.7,1032.3,False,False
2021-09-21,11139,1731,9700,1543,0.1554,0.1591,6529.6,1014.0,False,False
2021-09-22,12079,1869,10632,1633,0.1547,0.1536,7054.1,1104.0,False,False
2021-09-23,11112,1427,9640,1258,0.1284,0.1305,8225.4,1248.7,False,False
2021-09-24,11337,1399,9911,1268,0.1234,0.1279,8135.1,1188.3,False,False
2021-09-25,4694,509,4007,438,0.1084,0.1093,8237.9,1178.6,False,False
2021-09-26,3602,358,2992,288,0.0994,0.0963,8261.6,1173.3,False,False
2021-09-27,12187,1713,10412,1445,0.1406,0.1388,8184.9,1124.7,False,False
2021-09-28,10514,1373,9056,1137,0.1306,0.1256,8092.9,1066.7,False,False
2021-09-29,10471,1245,9105,1083,0.1189,0.1189,7874.7,988.1,False,False
2021-09-30,7949,958,6916,820,0.1205,0.1186,7485.6,925.6,False,False
2021-10-01,8329,954,7184,817,0.1145,0.1137,7096.0,861.1,False,False
2021-10-02,3431,365,2930,284,0.1064,0.0969,6942.1,839.1,False,False
2021-10-03,2959,383,2402,265,0.1294,0.1103,6857.9,835.9,False,False
2021-10-04,9968,1133,8563,932,0.1137,0.1088,6593.7,762.6,False,False
2021-10-05,9741,1044,8407,893,0.1072,0.1062,6501.0,727.7,False,False
2021-10-06,9375,1067,8124,880,0.1138,0.1083,6360.9,698.7,False,False
2021-10-07,9312,865,8231,736,0.0929,0.0894,6548.7,686.7,False,False
2021-10-08,9720,867,8448,781,0.0892,0.0924,6729.3,681.6,False,False
2021-10-09,3039,261,2622,226,0.0859,0.0862,6685.3,673.3,False,False
2021-10-10,3242,221,2678,199,0.0682,0.0743,6724.7,663.9,False,False
2021-10-11,10827,1137,9476,981,0.105,0.1035,6855.1,670.9,False,False
2021-10-12,10257,816,8823,721,0.0796,0.0817,6914.6,646.3,False,False
2021-10-13,10882,666,9207,579,0.0612,0.0629,7069.3,603.3,False,False
2021-10-14,9906,752,8405,655,0.0759,0.0779,7094.1,591.7,False,False
2021-10-15,10785,606,9230,544,0.0562,0.0589,7205.9,557.9,False,False
2021-10-16,3585,196,2992,161,0.0547,0.0538,7258.7,548.6,False,False
2021-10-17,2477,170,2119,140,0.0686,0.0661,7178.9,540.1,False,False
2021-10-18,9765,635,8452,555,0.065,0.0657,7032.6,479.3,False,False
2021-10-19,8524,555,7393,502,0.0651,0.0679,6828.3,448.0,False,False
2021-10-20,9085,569,7944,501,0.0626,0.0631,6647.9,436.9,False,False
2021-10-21,8314,529,7266,471,0.0636,0.0648,6485.1,410.6,False,False
2021-10-22,8786,425,7848,384,0.0484,0.0489,6287.7,387.7,False,False
2021-10-23,4422,152,3898,129,0.0344,0.0331,6417.1,383.1,False,False
2021-10-24,2705,105,2218,92,0.0388,0.0415,6431.3,376.3,False,False
2021-10-25,10060,555,8864,496,0.0552,0.056,6490.1,367.9,False,False
2021-10-26,7715,452,6678,392,0.0586,0.0587,6388.0,352.1,False,False
2021-10-27,7841,459,6763,397,0.0585,0.0587,6219.3,337.3,False,False
2021-10-28,7147,384,6185,340,0.0537,0.055,6064.9,318.6,False,False
2021-10-29,6454,364,5604,322,0.0564,0.0575,5744.3,309.7,False,False
2021-10-30,2821,112,2398,92,0.0397,0.0384,5530.0,304.4,False,False
2021-10-31,1867,85,1538,74,0.0455,0.0481,5432.9,301.9,False,False
2021-11-01,6122,351,5300,317,0.0573,0.0598,4923.7,276.3,False,False
2021-11-02,3586,200,3013,171,0.0558,0.0568,4400.1,244.7,False,False
2021-11-03,8441,337,7171,296,0.0399,0.0413,4458.4,230.3,False,False
2021-11-04,7825,346,6728,297,0.0442,0.0441,4536.0,224.1,False,False
2021-11-05,7807,461,6861,419,0.059,0.0611,4715.6,238.0,False,False
2021-11-06,2320,127,2010,106,0.0547,0.0527,4660.1,240.0,False,False
2021-11-07,1970,90,1700,82,0.0457,0.0482,4683.3,241.1,False,False
2021-11-08,8725,385,7715,355,0.0441,0.046,5028.3,246.6,False,False
2021-11-09,8666,298,7742,276,0.0344,0.0356,5703.9,261.6,False,False
2021-11-10,7339,364,6446,334,0.0496,0.0518,5600.3,267.0,False,False
2021-11-11,6933,345,6074,306,0.0498,0.0504,5506.9,268.3,False,False
2021-11-12,8783,331,8017,306,0.0377,0.0382,5672.0,252.1,False,False
2021-11-13,1985,77,1792,70,0.0388,0.0391,5640.9,247.0,False,False
2021-11-14,1312,68,1128,60,0.0518,0.0532,5559.1,243.9,False,False
2021-11-15,1608,80,1392,67,0.0498,0.0481,4655.9,202.7,False,False
2021-11-16,6954,419,6099,397,0.0603,0.0651,4421.1,220.0,False,False
2021-11-17,6803,404,6024,369,0.0594,0.0613,4360.9,225.0,False,False
2021-11-18,6705,356,5870,324,0.0531,0.0552,4331.7,227.6,False,False
2021-11-19,6316,282,5544,259,0.0446,0.0467,3978.4,220.9,False,False
2021-11-20,1495,81,1317,75,0.0542,0.0569,3910.6,221.6,False,False
2021-11-21,1745,82,1482,60,0.047,0.0405,3961.1,221.6,False,False
2021-11-22,7005,337,6112,304,0.0481,0.0497,4635.4,255.4,False,False
2021-11-23,9143,331,8325,290,0.0362,0.0348,4953.4,240.1,False,False
2021-11-24,8959,337,8126,299,0.0376,0.0368,5253.7,230.1,False,False
2021-11-25,8266,312,7521,286,0.0377,0.038,5489.6,224.7,False,False
2021-11-26,6630,304,5758,266,0.0459,0.0462,5520.1,225.7,False,False
2021-11-27,2244,98,2020,92,0.0437,0.0455,5620.6,228.1,False,False
2021-11-28,1705,64,1468,56,0.0375,0.0381,5618.6,227.6,False,False
2021-11-29,6053,300,5271,270,0.0496,0.0512,5498.4,222.7,False,False
2021-11-30,5614,250,4951,222,0.0445,0.0448,5016.4,213.0,False,False
2021-12-01,5663,306,5015,281,0.054,0.056,4572.0,210.4,False,False
2021-12-02,8300,279,7515,245,0.0336,0.0326,4571.1,204.6,False,False
2021-12-03,5362,267,4808,255,0.0498,0.053,4435.4,203.0,False,False
2021-12-04,1830,75,1559,62,0.041,0.0398,4369.6,198.7,False,False
2021-12-05,1676,94,1456,87,0.0561,0.0598,4367.9,203.1,False,False
2021-12-06,5678,323,4960,294,0.0569,0.0593,4323.4,206.6,False,False
2021-12-07,6314,244,5552,227,0.0386,0.0409,4409.3,207.3,False,False
2021-12-08,8243,250,7614,230,0.0303,0.0302,4780.6,200.0,False,False
2021-12-09,8097,295,7546,270,0.0364,0.0358,4785.0,203.6,False,False
2021-12-10,6270,226,5563,198,0.036,0.0356,4892.9,195.4,False,False
2021-12-11,1811,76,1629,72,0.042,0.0442,4902.9,196.9,False,False
2021-12-12,1447,89,1289,83,0.0615,0.0644,4879.0,196.3,False,False
2021-12-13,5183,294,4506,271,0.0567,0.0601,4814.1,193.0,False,False
2021-12-14,5759,340,5043,315,0.059,0.0625,4741.4,205.6,False,False
2021-12-15,5709,294,5051,260,0.0515,0.0515,4375.3,209.9,False,False
2021-12-16,5493,279,4885,260,0.0508,0.0532,3995.1,208.4,False,False
2021-12-17,5594,288,4956,265,0.0515,0.0535,3908.4,218.0,False,False
2021-12-18,1305,99,1191,90,0.0759,0.0756,3845.9,220.6,False,False
2021-12-19,1201,70,1067,64,0.0583,0.06,3814.1,217.9,False,False
2021-12-20,5830,460,5222,421,0.0789,0.0806,3916.4,239.3,False,False
2021-12-21,6202,585,5503,523,0.0943,0.095,3982.1,269.0,False,False
2021-12-22,7055,671,6245,610,0.0951,0.0977,4152.7,319.0,False,False
2021-12-23,7485,878,6733,825,0.1173,0.1225,4416.7,399.7,False,False
2021-12-24,5168,632,4655,572,0.1223,0.1229,4373.7,443.6,False,False
2021-12-25,729,93,622,83,0.1276,0.1334,4292.4,442.6,False,False
2021-12-26,1704,258,1525,242,0.1514,0.1587,4357.9,468.0,False,False
2021-12-27,8001,1426,7311,1328,0.1782,0.1816,4656.3,597.6,False,False
2021-12-28,9277,1837,8418,1713,0.198,0.2035,5072.7,767.6,False,False
2021-12-29,11125,2456,10044,2252,0.2208,0.2242,5615.4,1002.1,False,False
2021-12-30,11434,2968,10497,2761,0.2596,0.263,6153.1,1278.7,False,False
2021-12-31,7995,2440,7261,2239,0.3052,0.3084,6525.4,1516.9,False,False
2022-01-01,1304,386,1195,373,0.296,0.3121,6607.3,1558.3,False,False
2022-01-02,1959,574,1775,519,0.293,0.2924,6643.0,1597.9,False,False
2022-01-03,13364,4504,12121,4140,0.337,0.3416,7330.1,1999.6,False,False
2022-01-04,16294,5713,14739,5239,0.3506,0.3555,8233.1,2503.3,False,False
2022-01-05,18373,6986,16701,6519,0.3802,0.3903,9184.1,3112.9,False,False
2022-01-06,20050,7708,18347,7115,0.3844,0.3878,10305.6,3734.9,False,False
2022-01-07,21474,8270,19532,7655,0.3851,0.3919,12058.6,4508.6,False,False
2022-01-08,6167,2188,5589,1971,0.3548,0.3527,12686.3,4736.9,False,False
2022-01-09,6579,2248,5972,2111,0.3417,0.3535,13285.9,4964.3,False,False
2022-01-10,22574,9042,20158,8208,0.4005,0.4072,14434.0,5545.4,False,False
2022-01-11,24980,10892,22250,9856,0.436,0.443,15507.0,6205.0,False,False
2022-01-12,23723,10050,21022,8977,0.4236,0.427,16124.3,6556.1,False,False
2022-01-13,22646,10653,20187,9569,0.4704,0.474,16387.1,6906.7,False,False
2022-01-14,22202,10219,19649,9148,0.4603,0.4656,16403.9,7120.0,False,False
2022-01-15,8246,3438,7393,3098,0.4169,0.419,16661.6,7281.0,False,False
2022-01-16,8225,3803,7168,3246,0.4624,0.4528,16832.4,7443.1,False,False
2022-01-17,25760,11272,22587,9959,0.4376,0.4409,17179.4,7693.3,False,False
2022-01-18,27690,12078,24427,10643,0.4362,0.4357,17490.4,7805.7,False,False
2022-01-19,26915,12446,23891,11005,0.4624,0.4606,17900.3,8095.4,False,False
2022-01-20,25252,12178,22214,10801,0.4823,0.4862,18189.9,8271.4,False,False
2022-01-21,24385,11417,21591,10019,0.4682,0.464,18467.3,8395.9,False,False
2022-01-22,9501,4676,8381,4162,0.4922,0.4966,18608.4,8547.9,False,False
2022-01-23,8288,3596,7235,3251,0.4339,0.4493,18618.0,8548.6,False,False
2022-01-24,24224,10809,21155,9538,0.4462,0.4509,18413.4,8488.4,False,False
2022-01-25,25169,11744,21907,10293,0.4666,0.4698,18053.4,8438.4,False,False
2022-01-26,26486,11989,23309,10674,0.4527,0.4579,17970.3,8391.1,False,False
2022-01-27,24425,10859,21447,9626,0.4446,0.4488,17860.7,8223.3,False,False
2022-01-28,22684,9887,20027,8793,0.4359,0.4391,17637.3,8048.1,False,False
2022-01-29,8340,3729,7145,3231,0.4471,0.4522,17460.7,7915.1,False,False
2022-01-30,7660,3253,6591,2842,0.4247,0.4312,17368.7,7856.7,False,False
2022-01-31,19214,8503,17016,7500,0.4425,0.4408,16777.4,7565.6,False,False
2022-02-01,20596,9093,18010,7985,0.4415,0.4434,16220.7,7235.9,False,False
2022-02-02,19461,8764,16934,7736,0.4503,0.4568,15310.0,6816.1,False,False
2022-02-03,19520,8136,17138,7235,0.4168,0.4222,14694.4,6474.6,False,False
2022-02-04,18325,7904,16253,7022,0.4313,0.432,14155.3,6221.6,False,False
2022-02-05,7162,2673,6282,2371,0.3732,0.3774,14032.0,6098.7,False,False
2022-02-06,5800,2213,5102,1947,0.3816,0.3816,13819.3,5970.9,False,False
2022-02-07,4454,1656,4022,1502,0.3718,0.3734,11963.0,5114.0,False,False
2022-02-08,14871,5678,13006,4961,0.3818,0.3814,11248.1,4682.0,False,False
2022-02-09,17109,7519,15076,6580,0.4395,0.4365,10982.7,4516.9,False,False
2022-02-10,16375,6611,14723,5993,0.4037,0.4071,10637.7,4339.4,False,False
2022-02-11,14808,5731,13241,5131,0.387,0.3875,10207.4,4069.3,False,False
2022-02-12,6149,2807,5432,2499,0.4565,0.4601,10086.0,4087.6,False,False
2022-02-13,5222,2467,4595,2174,0.4724,0.4731,10013.6,4120.0,False,False
2022-02-14,12765,5116,11287,4539,0.4008,0.4021,11051.4,4553.9,False,False
2022-02-15,13487,4848,11954,4353,0.3595,0.3641,10901.1,4467.0,False,False
2022-02-16,13302,4633,11667,4130,0.3483,0.354,10414.1,4117.0,False,False
2022-02-17,12915,3992,11364,3589,0.3091,0.3158,9934.3,3773.6,False,False
2022-02-18,13296,4568,11999,4229,0.3436,0.3524,9756.9,3644.7,False,False
2022-02-19,4626,1414,4031,1207,0.3057,0.2994,9556.7,3460.1,False,False
2022-02-20,4444,1302,4007,1144,0.293,0.2855,9472.7,3313.0,False,False
2022-02-21,12445,3497,11401,3248,0.281,0.2849,9489.0,3128.6,False,False
2022-02-22,14192,4535,12495,3879,0.3195,0.3104,9566.3,3060.9,False,False
2022-02-23,13632,4821,11913,4083,0.3537,0.3427,9601.4,3054.1,False,False
2022-02-24,10852,2780,9683,2528,0.2562,0.2611,9361.3,2902.6,False,False
2022-02-25,11220,3119,9990,2725,0.278,0.2728,9074.3,2687.7,False,False
2022-02-26,4886,1238,4486,1107,0.2534,0.2468,9139.3,2673.4,False,False
2022-02-27,2110,524,1944,467,0.2483,0.2402,8844.6,2576.7,False,False
2022-02-28,13380,3667,11992,3206,0.2741,0.2673,8929.0,2570.7,False,False
2022-03-01,9668,2747,8582,2429,0.2841,0.283,8370.0,2363.6,False,False
2022-03-02,8936,2219,7884,1999,0.2483,0.2536,7794.4,2065.9,False,False
2022-03-03,9341,1959,8416,1803,0.2097,0.2142,7613.4,1962.3,False,False
2022-03-04,10584,2059,9460,1881,0.1945,0.1988,7537.7,1841.7,False,False
2022-03-05,4397,657,4123,617,0.1494,0.1496,7485.9,1771.7,False,False
2022-03-06,3095,386,2790,350,0.1247,0.1254,7606.7,1755.0,False,False
2022-03-07,11259,2001,10107,1823,0.1777,0.1804,7337.4,1557.4,False,False
2022-03-08,9021,1579,8188,1498,0.175,0.183,7281.1,1424.4,False,False
2022-03-09,8824,1495,7905,1392,0.1694,0.1761,7284.1,1337.7,False,False
2022-03-10,7486,1373,6766,1286,0.1834,0.1901,7048.4,1263.9,False,False
2022-03-11,7082,1098,6372,1044,0.155,0.1638,6607.3,1144.3,False,False
2022-03-12,2831,263,2594,247,0.0929,0.0952,6388.9,1091.4,False,False
2022-03-13,1864,351,1641,299,0.1883,0.1822,6224.7,1084.1,False,False
2022-03-14,9320,1333,8322,1224,0.143,0.1471,5969.7,998.6,False,False
2022-03-15,8140,1182,7211,1057,0.1452,0.1466,5830.1,935.6,False,False
2022-03-16,7119,1110,6250,1024,0.1559,0.1638,5593.7,883.0,False,False
2022-03-17,6557,1082,5856,987,0.165,0.1685,5463.7,840.3,False,False
2022-03-18,6259,751,5615,711,0.12,0.1266,5355.6,792.7,False,False
2022-03-19,2778,193,2541,185,0.0695,0.0728,5348.0,783.9,False,False
2022-03-20,1589,201,1467,185,0.1265,0.1261,5323.1,767.6,False,False
2022-03-21,1911,147,1681,127,0.0769,0.0756,4374.4,610.9,False,False
2022-03-22,6955,974,6200,895,0.14,0.1444,4230.0,587.7,False,False
2022-03-23,5948,598,5345,556,0.1005,0.104,4100.7,520.9,False,False
2022-03-24,5890,679,5263,639,0.1153,0.1214,4016.0,471.1,False,False
2022-03-25,6084,559,5524,528,0.0919,0.0956,4003.0,445.0,False,False
2022-03-26,2778,271,2512,261,0.0976,0.1039,3998.9,455.9,False,False
2022-03-27,1823,110,1647,98,0.0603,0.0595,4024.6,443.4,False,False
2022-03-28,6254,611,5698,567,0.0977,0.0995,4598.4,506.3,False,False
2022-03-29,5546,599,4946,551,0.108,0.1114,4419.3,457.1,False,False
2022-03-30,5318,538,4800,501,0.1012,0.1044,4341.4,449.3,False,False
2022-03-31,5048,506,4543,480,0.1002,0.1057,4238.6,426.6,False,False
2022-04-01,4869,454,4423,422,0.0932,0.0954,4081.3,411.4,False,False
2022-04-02,2423,193,2220,186,0.0797,0.0838,4039.6,400.7,False,False
2022-04-03,1330,130,1118,113,0.0977,0.1011,3964.0,402.9,False,False
2022-04-04,5101,519,4516,462,0.1017,0.1023,3795.1,387.9,False,False
2022-04-05,4516,529,4066,478,0.1171,0.1176,3669.4,377.4,False,False
2022-04-06,4492,480,3974,457,0.1069,0.115,3551.4,371.1,False,False
2022-04-07,4756,471,4270,442,0.099,0.1035,3512.4,365.7,False,False
2022-04-08,4234,346,3801,320,0.0817,0.0842,3423.6,351.1,False,False
2022-04-09,2705,120,2384,113,0.0444,0.0474,3447.0,340.7,False,False
2022-04-10,780,27,681,22,0.0346,0.0323,3384.6,327.7,False,False
2022-04-11,5137,205,4672,182,0.0399,0.039,3406.9,287.7,False,False
2022-04-12,4563,296,4127,263,0.0649,0.0637,3415.6,257.0,False,False
2022-04-13,4118,262,3732,237,0.0636,0.0635,3381.0,225.6,False,False
2022-04-14,1094,105,999,98,0.096,0.0981,2913.7,176.4,False,False
2022-04-15,866,90,805,88,0.1039,0.1093,2485.7,143.3,False,False
2022-04-16,2760,189,2536,157,0.0685,0.0619,2507.4,149.6,False,False
2022-04-17,1317,40,1198,31,0.0304,0.0259,2581.3,150.9,False,False
2022-04-18,4310,389,3823,341,0.0903,0.0892,2460.0,173.6,False,False
2022-04-19,4082,479,3688,416,0.1173,0.1128,2397.3,195.4,False,False
2022-04-20,4424,300,3948,271,0.0678,0.0686,2428.1,200.3,False,False
2022-04-21,3345,254,3078,232,0.0759,0.0754,2725.1,219.4,False,False
2022-04-22,2942,207,2614,195,0.0704,0.0746,2983.6,234.7,False,False
2022-04-23,1848,61,1700,56,0.033,0.0329,2864.1,220.3,False,False
2022-04-24,665,29,569,23,0.0436,0.0404,2774.3,219.1,False,False
2022-04-25,4218,362,3777,312,0.0858,0.0826,2767.7,215.0,False,False
2022-04-26,2948,263,2600,246,0.0892,0.0946,2612.3,190.7,False,False
2022-04-27,3719,404,3324,359,0.1086,0.108,2523.1,203.3,False,False
2022-04-28,3069,218,2722,209,0.071,0.0768,2472.3,200.0,False,False
2022-04-29,2747,258,2447,242,0.0939,0.0989,2448.4,206.7,False,False
2022-04-30,1423,59,1204,56,0.0415,0.0465,2377.6,206.7,False,False
2022-05-01,600,17,512,17,0.0283,0.0332,2369.4,205.9,False,False
2022-05-02,3741,331,3334,309,0.0885,0.0927,2306.1,205.4,False,False
2022-05-03,3162,243,2787,224,0.0769,0.0804,2332.9,202.3,False,False
2022-05-04,2700,282,2452,259,0.1044,0.1056,2208.3,188.0,False,False
2022-05-05,1966,170,1758,160,0.0865,0.091,2070.6,181.0,False,False
2022-05-06,3052,246,2796,236,0.0806,0.0844,2120.4,180.1,False,False
2022-05-07,1470,76,1274,76,0.0517,0.0597,2130.4,183.0,False,False
2022-05-08,711,103,586,97,0.1449,0.1655,2141.0,194.4,False,False
2022-05-09,3775,384,3406,360,0.1017,0.1057,2151.3,201.7,False,False
2022-05-10,2575,331,2340,320,0.1285,0.1368,2087.4,215.4,False,False
2022-05-11,3149,364,2833,334,0.1156,0.1179,2141.9,226.1,False,False
2022-05-12,3062,387,2731,360,0.1264,0.1318,2280.9,254.7,False,False
2022-05-13,3339,426,3005,409,0.1276,0.1361,2310.7,279.4,False,False
2022-05-14,2301,461,2049,447,0.2003,0.2182,2421.4,332.4,False,False
2022-05-15,1118,390,981,377,0.3488,0.3843,2477.9,372.4,False,False
2022-05-16,4178,589,3896,567,0.141,0.1455,2547.9,402.0,False,False
2022-05-17,3252,440,2901,409,0.1353,0.141,2628.0,414.7,False,False
2022-05-18,3773,418,3358,385,0.1108,0.1147,2703.0,422.0,False,False
2022-05-19,4766,312,4473,304,0.0655,0.068,2951.9,414.0,False,False
2022-05-20,4502,600,4158,573,0.1333,0.1378,3116.6,437.4,False,False
2022-05-21,2393,578,2144,566,0.2415,0.264,3130.1,454.4,False,False
2022-05-22,1393,522,1234,517,0.3747,0.419,3166.3,474.4,False,False
2022-05-23,4073,710,3760,664,0.1743,0.1766,3146.9,488.3,False,False
2022-05-24,3581,515,3207,480,0.1438,0.1497,3190.6,498.4,False,False
2022-05-25,4501,960,4072,906,0.2133,0.2225,3292.6,572.9,False,False
2022-05-26,3976,792,3720,753,0.1992,0.2024,3185.0,637.0,False,False
2022-05-27,3959,882,3558,817,0.2228,0.2296,3099.3,671.9,False,False
2022-05-28,2029,325,1767,313,0.1602,0.1771,3045.4,635.7,False,False
2022-05-29,840,96,685,92,0.1143,0.1343,2967.0,575.0,False,False
2022-05-30,5079,1129,4635,1055,0.2223,0.2276,3092.0,630.9,False,False
2022-05-31,4189,1058,3775,977,0.2526,0.2588,3173.1,701.9,False,False
2022-06-01,4771,1127,4397,1048,0.2362,0.2383,3219.6,722.1,False,False
2022-06-02,4852,1233,4440,1136,0.2541,0.2559,3322.4,776.9,False,False
2022-06-03,5195,1063,4745,962,0.2046,0.2027,3492.0,797.6,False,False
2022-06-04,3674,527,3308,498,0.1434,0.1505,3712.1,824.0,False,False
2022-06-05,882,197,714,166,0.2234,0.2325,3716.3,834.6,False,False
2022-06-06,5832,1714,5364,1603,0.2939,0.2988,3820.4,912.9,False,False
2022-06-07,5484,1760,5053,1679,0.3209,0.3323,4003.0,1013.1,False,False
2022-06-08,6362,2010,5827,1864,0.3159,0.3199,4207.3,1129.7,False,False
2022-06-09,5997,1970,5476,1842,0.3285,0.3364,4355.3,1230.6,False,False
2022-06-10,6466,2013,5991,1877,0.3113,0.3133,4533.3,1361.3,False,False
2022-06-11,3484,882,3172,827,0.2532,0.2607,4513.9,1408.3,False,False
2022-06-12,1015,310,823,291,0.3054,0.3536,4529.4,1426.1,False,False
2022-06-13,8776,2798,7919,2611,0.3188,0.3297,4894.4,1570.1,False,False
2022-06-14,8204,3085,7433,2886,0.376,0.3883,5234.4,1742.6,False,False
2022-06-15,8202,3031,7463,2847,0.3695,0.3815,5468.1,1883.0,False,False
2022-06-16,7715,3384,7004,3132,0.4386,0.4472,5686.4,2067.3,False,False
2022-06-17,7925,3304,7261,3065,0.4169,0.4221,5867.9,2237.0,False,False
2022-06-18,4217,1322,3917,1246,0.3135,0.3181,5974.3,2296.9,False,False
2022-06-19,1398,496,1213,476,0.3548,0.3924,6030.0,2323.3,False,False
2022-06-20,9996,4977,9278,4613,0.4979,0.4972,6224.1,2609.3,False,False
2022-06-21,9997,5029,9203,4644,0.5031,0.5046,6477.0,2860.4,False,False
2022-06-22,10193,5240,9489,4885,0.5141,0.5148,6766.4,3151.6,False,False
2022-06-23,10664,5575,9789,5143,0.5228,0.5254,7164.3,3438.9,False,False
2022-06-24,10505,5510,9703,5088,0.5245,0.5244,7513.1,3727.9,False,False
2022-06-25,6839,3016,6193,2758,0.441,0.4453,7838.3,3943.9,False,False
2022-06-26,1983,910,1745,824,0.4589,0.4722,7914.3,3993.6,False,False
2022-06-27,11978,6487,10946,5954,0.5416,0.5439,8152.6,4185.1,False,False
2022-06-28,12575,7286,11541,6709,0.5794,0.5813,8486.6,4480.1,False,False
2022-06-29,13474,7819,12363,7209,0.5803,0.5831,8897.1,4812.1,False,False
2022-06-30,12998,7543,11923,6946,0.5803,0.5826,9202.0,5069.7,False,False
2022-07-01,13283,7945,12137,7293,0.5981,0.6009,9549.7,5384.7,False,False
2022-07-02,5003,2297,4604,2156,0.4591,0.4683,9322.7,5298.7,False,False
2022-07-03,1862,868,1666,797,0.4662,0.4784,9311.4,5294.9,False,False
2022-07-04,15079,8681,13758,7894,0.5757,0.5738,9713.1,5572.0,False,False
2022-07-05,15558,8664,14290,7939,0.5569,0.5556,10105.9,5747.7,False,False
2022-07-06,15886,9323,14524,8523,0.5869,0.5868,10414.6,5935.4,False,False
2022-07-07,16652,9561,15214,8737,0.5742,0.5743,10884.7,6191.3,False,False
2022-07-08,15491,9233,14170,8394,0.596,0.5924,11175.1,6348.6,False,False
2022-07-09,5980,3184,5579,2961,0.5324,0.5307,11314.4,6463.6,False,False
2022-07-10,2602,1229,2403,1164,0.4723,0.4844,11419.7,6516.0,False,False
2022-07-11,16647,10036,15256,9192,0.6029,0.6025,11633.7,6701.4,False,False
2022-07-12,16019,9843,14736,9013,0.6145,0.6116,11697.4,6854.9,False,False
2022-07-13,15422,9249,14244,8566,0.5997,0.6014,11657.4,6861.0,False,False
2022-07-14,15034,8835,13767,8139,0.5877,0.5912,11450.7,6775.6,False,False
2022-07-15,14138,8025,12943,7364,0.5676,0.569,11275.4,6628.4,False,False
2022-07-16,5404,2720,4991,2503,0.5033,0.5015,11191.4,6563.0,False,False
2022-07-17,2200,1077,2027,995,0.4895,0.4909,11137.7,6538.9,False,False
2022-07-18,15683,8762,14220,7934,0.5587,0.5579,10989.7,6359.1,False,False
2022-07-19,14111,8225,12936,7568,0.5829,0.585,10732.6,6152.7,False,False
2022-07-20,13876,8116,12863,7551,0.5849,0.587,10535.3,6007.7,False,False
2022-07-21,13970,8052,12861,7406,0.5764,0.5758,10405.9,5903.0,False,False
2022-07-22,12228,6695,11273,6205,0.5475,0.5504,10167.3,5737.4,False,False
2022-07-23,4900,2125,4523,1966,0.4337,0.4347,10100.4,5660.7,False,False
2022-07-24,1935,859,1747,776,0.4439,0.4442,10060.4,5629.4,False,False
2022-07-25,13450,7427,12217,6782,0.5522,0.5551,9774.3,5464.9,False,False
2022-07-26,10670,5977,9744,5451,0.5602,0.5594,9318.3,5162.4,False,False
2022-07-27,9998,5432,9141,4991,0.5433,0.546,8786.6,4796.7,False,False
2022-07-28,9323,5124,8575,4740,0.5496,0.5528,8174.3,4415.9,False,False
2022-07-29,8016,4180,7424,3910,0.5215,0.5267,7624.4,4088.0,False,False
2022-07-30,2508,836,2331,776,0.3333,0.3329,7311.3,3918.0,False,False
2022-07-31,1228,473,1118,428,0.3852,0.3828,7221.4,3868.3,False,False
2022-08-01,9407,4707,8671,4305,0.5004,0.4965,6714.9,3514.4,False,False
2022-08-02,7670,3780,7050,3478,0.4928,0.4933,6330.0,3232.6,False,False
2022-08-03,7351,3472,6681,3194,0.4723,0.4781,5978.6,2975.9,False,False
2022-08-04,7166,3609,6568,3341,0.5036,0.5087,5691.9,2776.0,False,False
2022-08-05,6439,2837,5882,2651,0.4406,0.4507,5471.6,2596.1,False,False
2022-08-06,2215,731,2022,666,0.33,0.3294,5427.4,2580.4,False,False
2022-08-07,1009,361,894,330,0.3578,0.3691,5395.4,2566.4,False,False
2022-08-08,7647,3466,6971,3209,0.4532,0.4603,5152.6,2409.9,False,False
2022-08-09,6120,2780,5577,2582,0.4542,0.463,4942.1,2281.9,False,False
2022-08-10,6086,2689,5584,2513,0.4418,0.45,4785.4,2184.6,False,False
2022-08-11,5541,2076,5043,1934,0.3747,0.3835,4567.6,1983.6,False,False
2022-08-12,4714,1713,4330,1606,0.3634,0.3709,4345.9,1834.3,False,False
2022-08-13,1580,366,1422,338,0.2316,0.2377,4260.1,1787.4,False,False
2022-08-14,680,224,608,205,0.3294,0.3372,4219.3,1769.6,False,False
2022-08-15,5191,2019,4723,1891,0.3889,0.4004,3898.1,1581.3,False,False
2022-08-16,4292,1649,3907,1568,0.3842,0.4013,3659.6,1436.4,False,False
2022-08-17,4281,1683,3890,1556,0.3931,0.4,3417.6,1299.7,False,False
2022-08-18,4373,1769,4024,1668,0.4045,0.4145,3272.0,1261.7,False,False
2022-08-19,3859,1238,3501,1177,0.3208,0.3362,3153.6,1200.4,False,False
2022-08-20,1387,325,1271,304,0.2343,0.2392,3132.0,1195.6,False,False
2022-08-21,707,184,641,171,0.2603,0.2668,3136.7,1190.7,False,False
2022-08-22,4708,1596,4268,1496,0.339,0.3505,3071.7,1134.3,False,False
2022-08-23,4109,1341,3759,1280,0.3264,0.3405,3050.6,1093.1,False,False
2022-08-24,4143,1319,3797,1268,0.3184,0.3339,3037.3,1052.0,False,False
2022-08-25,3851,1388,3543,1310,0.3604,0.3697,2968.6,1000.9,False,False
2022-08-26,3368,1073,3097,1027,0.3186,0.3316,2910.9,979.4,False,False
2022-08-27,1365,209,1227,196,0.1531,0.1597,2904.6,964.0,False,False
2022-08-28,707,134,668,123,0.1895,0.1841,2908.4,957.1,False,False
2022-08-29,4538,1301,4167,1216,0.2867,0.2918,2894.0,917.1,False,False
2022-08-30,4350,1230,3972,1138,0.2828,0.2865,2924.4,896.9,False,False
2022-08-31,3734,813,3341,767,0.2177,0.2296,2859.3,825.3,False,False
2022-09-01,3530,881,3202,831,0.2496,0.2595,2810.6,756.9,False,False
2022-09-02,3628,881,3292,843,0.2428,0.2561,2838.4,730.6,False,False
2022-09-03,1660,246,1571,235,0.1482,0.1496,2887.6,736.1,False,False
2022-09-04,915,125,867,121,0.1366,0.1396,2916.0,735.9,False,False
2022-09-05,4891,971,4525,902,0.1985,0.1993,2967.1,691.0,False,False
2022-09-06,4097,810,3748,758,0.1977,0.2022,2935.1,636.7,False,False
2022-09-07,3972,643,3660,604,0.1619,0.165,2980.7,613.4,False,False
2022-09-08,3537,565,3237,536,0.1597,0.1656,2985.7,571.3,False,False
2022-09-09,3408,552,3137,517,0.162,0.1648,2963.6,524.7,False,False
2022-09-10,1754,177,1667,168,0.1009,0.1008,2977.3,515.1,False,False
2022-09-11,1099,97,1031,92,0.0883,0.0892,3000.7,511.0,False,False
2022-09-12,4179,729,3834,662,0.1744,0.1727,2902.0,476.7,False,False
2022-09-13,3484,577,3181,533,0.1656,0.1676,2821.0,444.6,False,False
2022-09-14,2933,597,2681,564,0.2035,0.2104,2681.1,438.9,False,False
2022-09-15,1846,184,1668,174,0.0997,0.1043,2457.0,387.1,False,False
2022-09-16,135,18,121,12,0.1333,0.0992,2026.1,315.0,False,False
2022-09-17,1156,285,1081,272,0.2465,0.2516,1942.4,329.9,False,False
2022-09-18,784,259,748,248,0.3304,0.3316,1902.0,352.1,False,False
2022-09-19,3063,420,2827,389,0.1371,0.1376,1758.1,313.1,False,False
2022-09-20,3494,585,3149,557,0.1674,0.1769,1753.6,316.6,False,False
2022-09-21,3138,516,2853,488,0.1644,0.171,1778.1,305.7,False,False
2022-09-22,3010,385,2748,355,0.1279,0.1292,1932.4,331.6,False,False
2022-09-23,2361,308,2160,297,0.1305,0.1375,2223.7,372.3,False,False
2022-09-24,847,115,787,108,0.1358,0.1372,2181.7,348.9,False,False
2022-09-25,733,201,703,186,0.2742,0.2646,2175.3,340.0,False,False
2022-09-26,3076,417,2765,387,0.1356,0.14,2166.4,339.7,False,False
2022-09-27,2728,381,2468,352,0.1397,0.1426,2069.1,310.4,False,False
2022-09-28,2514,313,2266,287,0.1245,0.1267,1985.3,281.7,False,False
2022-09-29,2420,334,2237,322,0.138,0.1439,1912.3,277.0,False,False
2022-09-30,1847,224,1677,212,0.1213,0.1264,1843.3,264.9,False,False
2022-10-01,606,47,552,38,0.0776,0.0688,1809.7,254.9,False,False
2022-10-02,335,24,293,18,0.0716,0.0614,1751.1,230.9,False,False
2022-10-03,2702,375,2434,358,0.1388,0.1471,1703.9,226.7,False,False
2022-10-04,2382,279,2157,259,0.1171,0.1201,1659.4,213.4,False,False
2022-10-05,2532,263,2318,242,0.1039,0.1044,1666.9,207.0,False,False
2022-10-06,2137,247,1945,234,0.1156,0.1203,1625.1,194.4,False,False
2022-10-07,2207,285,1984,273,0.1291,0.1376,1669.0,203.1,False,False
2022-10-08,564,39,504,38,0.0691,0.0754,1662.1,203.1,False,False
2022-10-09,313,34,272,26,0.1086,0.0956,1659.1,204.3,False,False
2022-10-10,2489,255,2238,239,0.1025,0.1068,1631.1,187.3,False,False
2022-10-11,2719,428,2436,389,0.1574,0.1597,1671.0,205.9,False,False
2022-10-12,3002,383,2767,362,0.1276,0.1308,1735.1,223.0,False,False
2022-10-13,3488,334,3202,313,0.0958,0.0978,1914.7,234.3,False,False
2022-10-14,2968,278,2657,262,0.0937,0.0986,2010.9,232.7,False,False
2022-10-15,814,50,735,44,0.0614,0.0599,2043.9,233.6,False,False
2022-10-16,422,67,371,43,0.1588,0.1159,2058.0,236.0,False,False
2022-10-17,3721,330,3318,289,0.0887,0.0871,2212.3,243.1,False,False
2022-10-18,3367,336,3047,316,0.0998,0.1037,2299.6,232.7,False,False
2022-10-19,2759,274,2501,242,0.0993,0.0968,2261.6,215.6,False,False
2022-10-20,2637,239,2394,226,0.0906,0.0944,2146.1,203.1,False,False
2022-10-21,2236,199,2024,186,0.089,0.0919,2055.7,192.3,False,False
2022-10-22,453,23,412,21,0.0508,0.051,2009.6,189.0,False,False
2022-10-23,350,34,312,32,0.0971,0.1026,2001.1,187.4,False,False
2022-10-24,2839,292,2554,269,0.1029,0.1053,1892.0,184.6,False,False
2022-10-25,2645,276,2428,265,0.1043,0.1091,1803.6,177.3,False,False
2022-10-26,2682,172,2387,154,0.0641,0.0645,1787.3,164.7,False,False
2022-10-27,2639,221,2394,207,0.0837,0.0865,1787.3,162.0,False,False
2022-10-28,2262,189,2040,164,0.0836,0.0804,1789.6,158.9,False,False
2022-10-29,675,60,598,55,0.0889,0.092,1816.1,163.7,False,False
2022-10-30,296,40,262,37,0.1351,0.1412,1809.0,164.4,False,False
2022-10-31,2720,236,2479,222,0.0868,0.0896,1798.3,157.7,False,False
2022-11-01,2105,234,1909,217,0.1112,0.1137,1724.1,150.9,False,False
2022-11-02,1153,177,984,166,0.1535,0.1687,1523.7,152.6,False,False
2022-11-03,2460,197,2213,189,0.0801,0.0854,1497.9,150.0,False,False
2022-11-04,2260,354,2055,337,0.1566,0.164,1500.0,174.7,False,False
2022-11-05,610,28,547,24,0.0459,0.0439,1492.7,170.3,False,False
2022-11-06,269,27,246,23,0.1004,0.0935,1490.4,168.3,False,False
2022-11-07,3121,310,2848,296,0.0993,0.1039,1543.1,178.9,False,False
2022-11-08,2952,379,2704,346,0.1284,0.128,1656.7,197.3,False,False
2022-11-09,3087,304,2801,286,0.0985,0.1021,1916.3,214.4,False,False
2022-11-10,2965,343,2707,331,0.1157,0.1223,1986.9,234.7,False,False
2022-11-11,2556,288,2326,271,0.1127,0.1165,2025.6,225.3,False,False
2022-11-12,495,24,414,21,0.0485,0.0507,2006.6,224.9,False,False
2022-11-13,327,36,298,31,0.1101,0.104,2014.0,226.0,False,False
2022-11-14,3171,342,2895,325,0.1079,0.1123,2020.7,230.1,False,False
2022-11-15,2830,324,2543,305,0.1145,0.1199,1997.7,224.3,False,False
2022-11-16,2599,286,2371,259,0.11,0.1092,1936.3,220.4,False,False
2022-11-17,2595,305,2359,288,0.1175,0.1221,1886.6,214.3,False,False
2022-11-18,2119,280,1960,264,0.1321,0.1347,1834.3,213.3,False,False
2022-11-19,412,48,365,41,0.1165,0.1123,1827.3,216.1,False,False
2022-11-20,178,28,157,23,0.1573,0.1465,1807.1,215.0,False,False
2022-11-21,294,26,213,25,0.0884,0.1174,1424.0,172.1,False,False
2022-11-22,2998,449,2736,420,0.1498,0.1535,1451.6,188.6,False,False
2022-11-23,3042,435,2765,413,0.143,0.1494,1507.9,210.6,False,False
2022-11-24,3119,458,2811,431,0.1468,0.1533,1572.4,231.0,False,False
2022-11-25,2515,417,2291,401,0.1658,0.175,1619.7,250.6,False,False
2022-11-26,580,96,522,92,0.1655,0.1762,1642.1,257.9,False,False
2022-11-27,260,48,236,40,0.1846,0.1695,1653.4,260.3,False,False
2022-11-28,3073,696,2783,669,0.2265,0.2404,2020.6,352.3,False,False
2022-11-29,2990,616,2705,564,0.206,0.2085,2016.1,372.9,False,False
2022-11-30,2921,635,2613,589,0.2174,0.2254,1994.4,398.0,False,False
2022-12-01,3067,573,2784,540,0.1868,0.194,1990.6,413.6,False,False
2022-12-02,2959,577,2652,534,0.195,0.2014,2042.1,432.6,False,False
2022-12-03,883,171,781,153,0.1937,0.1959,2079.1,441.3,False,False
2022-12-04,343,101,304,88,0.2945,0.2895,2088.9,448.1,False,False
2022-12-05,3728,1007,3364,918,0.2701,0.2729,2171.9,483.7,False,False
2022-12-06,4201,1160,3870,1069,0.2761,0.2762,2338.3,555.9,False,False
2022-12-07,4238,1217,3895,1125,0.2872,0.2888,2521.4,632.4,False,False
2022-12-08,3853,1116,3546,1054,0.2896,0.2972,2630.3,705.9,False,False
2022-12-09,3317,1042,3017,954,0.3141,0.3162,2682.4,765.9,False,False
2022-12-10,899,261,838,244,0.2903,0.2912,2690.6,778.9,False,False
2022-12-11,511,187,488,173,0.3659,0.3545,2716.9,791.0,False,False
2022-12-12,4084,1448,3768,1366,0.3546,0.3625,2774.6,855.0,False,False
2022-12-13,4076,1349,3776,1269,0.331,0.3361,2761.1,883.6,False,False
2022-12-14,4634,1616,4247,1490,0.3487,0.3508,2811.4,935.7,False,False
2022-12-15,4529,1713,4210,1604,0.3782,0.381,2906.3,1014.3,False,False
2022-12-16,4403,1832,4069,1698,0.4161,0.4173,3056.6,1120.6,False,False
2022-12-17,1210,413,1091,378,0.3413,0.3465,3092.7,1139.7,False,False
2022-12-18,623,243,577,221,0.39,0.383,3105.4,1146.6,False,False
2022-12-19,5110,2172,4701,2017,0.425,0.4291,3238.7,1239.6,False,False
2022-12-20,5197,2300,4732,2078,0.4426,0.4391,3375.3,1355.1,False,False
2022-12-21,4991,2131,4561,1964,0.427,0.4306,3420.1,1422.9,False,False
2022-12-22,5319,2469,4860,2274,0.4642,0.4679,3513.0,1518.6,False,False
2022-12-23,4816,2178,4426,2040,0.4522,0.4609,3564.0,1567.4,False,False
2022-12-24,1112,419,1009,389,0.3768,0.3855,3552.3,1569.0,False,False
2022-12-25,335,99,302,88,0.2955,0.2914,3513.0,1550.0,False,False
2022-12-26,4502,2165,4051,1992,0.4809,0.4917,3420.1,1546.4,False,False
2022-12-27,4227,2051,3860,1895,0.4852,0.4909,3295.6,1520.3,False,False
2022-12-28,4316,2096,3921,1941,0.4856,0.495,3204.1,1517.0,False,False
2022-12-29,4178,2020,3829,1892,0.4835,0.4941,3056.9,1462.4,False,False
2022-12-30,3670,1705,3378,1607,0.4646,0.4757,2907.1,1400.6,False,False
2022-12-31,894,318,809,292,0.3557,0.3609,2878.6,1386.7,False,False
2023-01-01,171,67,154,60,0.3918,0.3896,2857.4,1382.7,False,False
2023-01-02,4142,1989,3810,1825,0.4802,0.479,2823.0,1358.9,False,False
2023-01-03,4496,2082,4122,1931,0.4631,0.4685,2860.4,1364.0,False,False
2023-01-04,4470,1932,4088,1788,0.4322,0.4374,2884.3,1342.1,False,False
2023-01-05,4451,1894,4041,1785,0.4255,0.4417,2914.6,1326.9,False,False
2023-01-06,3599,1677,3273,1569,0.466,0.4794,2899.6,1321.4,False,False
2023-01-07,961,315,853,283,0.3278,0.3318,2905.9,1320.1,False,False
2023-01-08,437,159,375,137,0.3638,0.3653,2937.4,1331.1,False,False
2023-01-09,4672,2111,4196,1922,0.4518,0.4581,2992.6,1345.0,False,False
2023-01-10,4374,1814,4030,1680,0.4147,0.4169,2979.4,1309.1,False,False
2023-01-11,4056,1629,3740,1515,0.4016,0.4051,2929.7,1270.1,False,False
2023-01-12,3483,1363,3153,1275,0.3913,0.4044,2802.9,1197.3,False,False
2023-01-13,3150,1303,2818,1199,0.4137,0.4255,2737.9,1144.4,False,False
2023-01-14,691,185,633,175,0.2677,0.2765,2706.4,1129.0,False,False
2023-01-15,330,122,302,112,0.3697,0.3709,2696.0,1125.4,False,False
2023-01-16,3914,1707,3583,1604,0.4361,0.4477,2608.4,1080.0,False,False
2023-01-17,3543,1379,3254,1299,0.3892,0.3992,2497.6,1025.6,False,False
2023-01-18,3468,1286,3126,1188,0.3708,0.38,2409.9,978.9,False,False
2023-01-19,3229,1341,2958,1243,0.4153,0.4202,2382.0,974.3,False,False
2023-01-20,3357,1158,3048,1067,0.345,0.3501,2414.9,955.4,False,False
2023-01-21,748,203,649,182,0.2714,0.2804,2417.1,956.4,False,False
2023-01-22,277,100,256,90,0.361,0.3516,2410.6,953.3,False,False
2023-01-23,4044,1484,3706,1377,0.367,0.3716,2428.1,920.9,False,False
2023-01-24,3656,1294,3288,1152,0.3539,0.3504,2433.0,899.9,False,False
2023-01-25,3340,1197,3055,1127,0.3584,0.3689,2422.9,891.1,False,False
2023-01-26,3022,1119,2734,1030,0.3703,0.3767,2390.9,860.7,False,False
2023-01-27,2878,1059,2621,984,0.368,0.3754,2329.9,848.9,False,False
2023-01-28,690,179,631,167,0.2594,0.2647,2327.3,846.7,False,False
2023-01-29,489,166,454,151,0.3395,0.3326,2355.6,855.4,False,False
2023-01-30,3344,1257,3047,1170,0.3759,0.384,2261.4,825.9,False,False
2023-01-31,3065,1056,2775,981,0.3445,0.3535,2188.1,801.4,False,False
2023-02-01,2955,1001,2720,915,0.3387,0.3364,2140.3,771.1,False,False
2023-02-02,2793,947,2546,880,0.3391,0.3456,2113.4,749.7,False,False
2023-02-03,2681,846,2426,779,0.3156,0.3211,2085.6,720.4,False,False
2023-02-04,619,148,567,140,0.2391,0.2469,2076.4,716.6,False,False
2023-02-05,335,126,295,116,0.3761,0.3932,2053.7,711.6,False,False
2023-02-06,341,126,307,116,0.3695,0.3779,1662.3,561.0,False,False
2023-02-07,3618,1445,3293,1328,0.3994,0.4033,1736.3,610.6,False,False
2023-02-08,3326,1240,3069,1161,0.3728,0.3783,1786.1,645.7,False,False
2023-02-09,3151,1130,2865,1038,0.3586,0.3623,1831.7,668.3,False,False
2023-02-10,3249,1092,2969,1010,0.3361,0.3402,1909.3,701.3,False,False
2023-02-11,773,208,699,193,0.2691,0.2761,1928.1,708.9,False,False
2023-02-12,294,120,270,105,0.4082,0.3889,1924.6,707.3,False,False
2023-02-13,3711,1459,3419,1344,0.3932,0.3931,2369.1,882.7,False,False
2023-02-14,3211,1121,2874,1031,0.3491,0.3587,2309.3,840.3,False,False
2023-02-15,3187,1187,2887,1092,0.3725,0.3782,2283.3,830.4,False,False
2023-02-16,2884,1166,2647,1063,0.4043,0.4016,2252.1,834.0,False,False
2023-02-17,2961,989,2670,900,0.334,0.3371,2209.4,818.3,False,False
2023-02-18,870,159,779,139,0.1828,0.1784,2220.9,810.6,False,False
2023-02-19,669,125,580,113,0.1868,0.1948,2265.1,811.7,False,False
2023-02-20,3620,1295,3296,1186,0.3577,0.3598,2247.6,789.1,False,False
2023-02-21,3210,1250,2856,1159,0.3894,0.4058,2245.0,807.4,False,False
2023-02-22,3165,1168,2869,1075,0.369,0.3747,2242.4,805.0,False,False
2023-02-23,2904,1145,2653,1052,0.3943,0.3965,2243.3,803.4,False,False
2023-02-24,2636,1007,2398,922,0.382,0.3845,2204.4,806.6,False,False
2023-02-25,731,164,664,154,0.2244,0.2319,2188.0,808.7,False,False
2023-02-26,440,156,413,145,0.3545,0.3511,2164.1,813.3,False,False
2023-02-27,2927,1268,2686,1178,0.4332,0.4386,2077.0,812.1,False,False
2023-02-28,3141,1248,2781,1101,0.3973,0.3959,2066.3,803.9,False,False
2023-03-01,2636,1005,2400,918,0.3813,0.3825,1999.3,781.4,False,False
2023-03-02,2969,1136,2705,1045,0.3826,0.3863,2006.7,780.4,False,False
2023-03-03,2709,1084,2456,1006,0.4001,0.4096,2015.0,792.4,False,False
2023-03-04,565,163,508,149,0.2885,0.2933,1992.7,791.7,False,False
2023-03-05,300,137,276,126,0.4567,0.4565,1973.1,789.0,False,False
2023-03-06,3174,1365,2875,1251,0.4301,0.4351,2000.1,799.4,False,False
2023-03-07,3024,1361,2686,1253,0.4501,0.4665,1986.6,821.1,False,False
2023-03-08,2594,1130,2374,1030,0.4356,0.4339,1982.9,837.1,False,False
2023-03-09,3141,1274,2853,1162,0.4056,0.4073,2004.0,853.9,False,False
2023-03-10,2866,1204,2600,1109,0.4201,0.4265,2024.6,868.6,False,False
2023-03-11,732,223,664,208,0.3046,0.3133,2046.9,877.0,False,False
2023-03-12,407,135,367,123,0.3317,0.3351,2059.9,876.6,False,False
2023-03-13,3649,1606,3332,1485,0.4401,0.4457,2125.1,910.0,False,False
2023-03-14,3249,1453,2941,1337,0.4472,0.4546,2161.6,922.0,False,False
2023-03-15,2922,1260,2693,1161,0.4312,0.4311,2207.1,940.7,False,False
2023-03-16,2709,1130,2500,1049,0.4171,0.4196,2156.7,924.6,False,False
2023-03-17,2453,1022,2224,928,0.4166,0.4173,2103.0,898.7,False,False
2023-03-18,585,167,526,151,0.2855,0.2871,2083.3,890.6,False,False
2023-03-19,219,79,201,75,0.3607,0.3731,2059.6,883.7,False,False
2023-03-20,533,135,491,128,0.2533,0.2607,1653.7,689.9,False,False
2023-03-21,3181,1428,2896,1322,0.4489,0.4565,1647.3,687.7,False,False
2023-03-22,3568,1329,3252,1245,0.3725,0.3828,1727.1,699.7,False,False
2023-03-23,2854,1238,2633,1151,0.4338,0.4371,1746.1,714.3,False,False
2023-03-24,3030,1172,2764,1095,0.3868,0.3962,1823.3,738.1,False,False
2023-03-25,483,141,428,129,0.2919,0.3014,1809.3,735.0,False,False
2023-03-26,499,241,444,213,0.483,0.4797,1844.0,754.7,False,False
2023-03-27,3358,1388,3100,1280,0.4133,0.4129,2216.7,919.3,False,False
2023-03-28,3194,1234,2841,1140,0.3863,0.4013,2208.9,893.3,False,False
2023-03-29,2740,1030,2514,953,0.3759,0.3791,2103.4,851.6,False,False
2023-03-30,2284,924,2078,852,0.4046,0.41,2024.1,808.9,False,False
2023-03-31,2010,741,1773,665,0.3687,0.3751,1882.6,747.4,False,False
2023-04-01,500,178,454,166,0.356,0.3656,1886.3,752.7,False,False
2023-04-02,176,58,167,52,0.3295,0.3114,1846.7,729.7,False,False
2023-04-03,2530,915,2279,852,0.3617,0.3738,1729.4,668.6,False,False
2023-04-04,2195,765,1963,697,0.3485,0.3551,1604.0,605.3,False,False
2023-04-05,1842,634,1636,581,0.3442,0.3551,1478.6,552.1,False,False
2023-04-06,444,139,390,125,0.3131,0.3205,1237.4,448.3,False,False
2023-04-07,295,72,253,58,0.2441,0.2292,1020.3,361.6,False,False
2023-04-08,259,54,217,48,0.2085,0.2212,986.4,344.7,False,False
