mes,dias,mes_incompleto,pruebas_totales,positivos_totales,pruebas_totales_cdmx,positivos_totales_cdmx,tasa_positividad,tasa_positividad_cdmx
2020-03-01,27,True,441,26,394,24,0.059,0.0609
2020-04-01,30,False,28745,8684,24626,7342,0.3021,0.2981
2020-05-01,31,False,57988,24755,47732,20378,0.4269,0.4269
2020-06-01,30,False,73527,30208,59776,24075,0.4108,0.4028
2020-07-01,31,False,92355,31218,78759,26086,0.338,0.3312
2020-08-01,31,False,94991,29416,81831,25256,0.3097,0.3086
2020-09-01,30,False,108798,33293,94355,28849,0.306,0.3057
2020-10-01,31,False,144309,41773,126567,36622,0.2895,0.2893
2020-11-01,30,False,174497,54384,151938,47181,0.3117,0.3105
2020-12-01,31,False,398625,109441,342632,93262,0.2745,0.2722
2021-01-01,31,False,530132,136287,455265,118264,0.2571,0.2598
2021-02-01,28,False,386518,61900,332319,53780,0.1601,0.1618
2021-03-01,31,False,307836,41578,263328,36455,0.1351,0.1384
2021-04-01,30,False,239453,22057,205686,19182,0.0921,0.0933
2021-05-01,31,False,156984,11330,134828,9510,0.0722,0.0705
2021-06-01,30,False,171863,20272,150360,18320,0.118,0.1218
2021-07-01,31,False,381315,87515,338236,78363,0.2295,0.2317
2021-08-01,31,False,463170,99752,406624,87422,0.2154,0.215
2021-09-01,30,False,286839,44594,249515,39204,0.1555,0.1571
2021-10-01,31,False,223341,16884,192890,14541,0.0756,0.0754
2021-11-01,30,False,169059,7817,148977,7031,0.0462,0.0472
2021-12-01,31,False,172940,18892,155241,17398,0.1092,0.1121
2022-01-01,31,False,544153,235110,482721,210081,0.4321,0.4352
2022-02-01,28,False,327404,121306,290027,107570,0.3705,0.3709
2022-03-01,31,False,189705,29631,170249,27244,0.1562,0.16
2022-04-01,30,False,94801,7739,85016,7029,0.0816,0.0827
2022-05-01,31,False,93205,14137,84187,13363,0.1517,0.1587
2022-06-01,30,False,211653,91618,193693,84829,0.4329,0.438
2022-07-01,31,False,324156,183053,297282,168114,0.5647,0.5655
2022-08-01,31,False,132588,52082,121099,48508,0.3928,0.4006
2022-09-01,30,False,76239,12796,69891,12012,0.1678,0.1719
2022-10-01,31,False,61961,6309,56015,5823,0.1018,0.104
2022-11-01,30,False,60056,8190,54377,7687,0.1364,0.1414
2022-12-01,31,False,100225,38149,91716,35347,0.3806,0.3854
2023-01-01,31,False,86547,34627,78773,32068,0.4001,0.4071
2023-02-01,28,False,64402,23336,58498,21435,0.3623,0.3664
2023-03-01,31,False,68637,27935,62395,25739,0.407,0.4125
2023-04-01,8,True,8241,2815,7359,2579,0.3416,0.3505
