semana,fecha,dias,semana_incompleta,pruebas_totales,positivos_totales,pruebas_totales_cdmx,positivos_totales_cdmx,tasa_positividad,tasa_positividad_cdmx
2020-W10,2020-03-02,4,True,69,1,52,1,0.0145,0.0192
2020-W11,2020-03-09,7,False,57,2,46,1,0.0351,0.0217
2020-W12,2020-03-16,7,False,67,3,67,3,0.0448,0.0448
2020-W13,2020-03-23,7,False,173,13,159,13,0.0751,0.0818
2020-W14,2020-03-30,7,False,2574,568,2365,518,0.2207,0.219
2020-W15,2020-04-06,7,False,5039,1031,4309,880,0.2046,0.2042
2020-W16,2020-04-13,7,False,5826,1702,4981,1436,0.2921,0.2883
2020-W17,2020-04-20,7,False,8246,2876,7044,2401,0.3488,0.3409
2020-W18,2020-04-27,7,False,9081,3239,7676,2727,0.3567,0.3553
2020-W19,2020-05-04,7,False,11751,4220,9753,3539,0.3591,0.3629
2020-W20,2020-05-11,7,False,13381,5824,10990,4817,0.4352,0.4383
2020-W21,2020-05-18,7,False,15082,6778,12338,5501,0.4494,0.4459
2020-W22,2020-05-25,7,False,15828,7208,12972,5907,0.4554,0.4554
2020-W23,2020-06-01,7,False,16695,7520,13613,6017,0.4504,0.442
2020-W24,2020-06-08,7,False,17321,7574,14018,5957,0.4373,0.425
2020-W25,2020-06-15,7,False,16849,6430,13651,5144,0.3816,0.3768
2020-W26,2020-06-22,7,False,15626,6013,12842,4875,0.3848,0.3796
2020-W27,2020-06-29,7,False,18303,6839,15058,5474,0.3737,0.3635
2020-W28,2020-07-06,7,False,17974,6361,14831,5122,0.3539,0.3454
2020-W29,2020-07-13,7,False,22746,7557,19639,6284,0.3322,0.32
2020-W30,2020-07-20,7,False,21763,7171,18830,6194,0.3295,0.3289
2020-W31,2020-07-27,7,False,20912,6677,18032,5717,0.3193,0.317
2020-W32,2020-08-03,7,False,19904,6206,17136,5329,0.3118,0.311
2020-W33,2020-08-10,7,False,21537,6484,18516,5581,0.3011,0.3014
2020-W34,2020-08-17,7,False,20993,6653,18256,5789,0.3169,0.3171
2020-W35,2020-08-24,7,False,26093,7971,22469,6829,0.3055,0.3039
2020-W36,2020-08-31,7,False,28682,8827,24890,7484,0.3078,0.3007
2020-W37,2020-09-07,7,False,27384,7883,23851,6865,0.2879,0.2878
2020-W38,2020-09-14,7,False,19621,6164,16861,5289,0.3142,0.3137
2020-W39,2020-09-21,7,False,24150,7624,20908,6644,0.3157,0.3178
2020-W40,2020-09-28,7,False,24015,7477,20817,6576,0.3113,0.3159
2020-W41,2020-10-05,7,False,24475,7391,21300,6507,0.302,0.3055
2020-W42,2020-10-12,7,False,28355,8671,24732,7539,0.3058,0.3048
2020-W43,2020-10-19,7,False,39955,11443,35409,10071,0.2864,0.2844
2020-W44,2020-10-26,7,False,41621,11361,36454,9921,0.273,0.2722
2020-W45,2020-11-02,7,False,32861,10690,28849,9441,0.3253,0.3273
2020-W46,2020-11-09,7,False,38473,12269,33666,10699,0.3189,0.3178
2020-W47,2020-11-16,7,False,33596,11359,29268,9774,0.3381,0.3339
2020-W48,2020-11-23,7,False,56999,16450,49322,14196,0.2886,0.2878
2020-W49,2020-11-30,7,False,78455,20348,67734,17484,0.2594,0.2581
2020-W50,2020-12-07,7,False,95328,25867,81732,21994,0.2713,0.2691
2020-W51,2020-12-14,7,False,96295,27467,81419,23032,0.2852,0.2829
2020-W52,2020-12-21,7,False,77201,22198,66587,18907,0.2875,0.2839
2020-W53,2020-12-28,7,False,74736,20494,65137,17722,0.2742,0.2721
2021-W01,2021-01-04,7,False,102941,28470,88372,24593,0.2766,0.2783
2021-W02,2021-01-11,7,False,134612,37783,115958,33138,0.2807,0.2858
2021-W03,2021-01-18,7,False,145788,38464,125164,33287,0.2638,0.2659
2021-W04,2021-01-25,7,False,134975,27864,115802,24120,0.2064,0.2083
2021-W05,2021-02-01,7,False,99565,17687,86156,15341,0.1776,0.1781
2021-W06,2021-02-08,7,False,103695,16934,89028,14540,0.1633,0.1633
2021-W07,2021-02-15,7,False,94266,14005,81067,12204,0.1486,0.1505
2021-W08,2021-02-22,7,False,88992,13274,76068,11695,0.1492,0.1537
2021-W09,2021-03-01,7,False,81942,12259,69341,10756,0.1496,0.1551
2021-W10,2021-03-08,7,False,70956,10388,61109,9121,0.1464,0.1493
2021-W11,2021-03-15,7,False,58233,7603,50139,6659,0.1306,0.1328
2021-W12,2021-03-22,7,False,64249,7480,54732,6610,0.1164,0.1208
2021-W13,2021-03-29,7,False,50003,5592,43000,4782,0.1118,0.1112
2021-W14,2021-04-05,7,False,57269,6402,48852,5552,0.1118,0.1136
2021-W15,2021-04-12,7,False,60197,5535,51406,4830,0.0919,0.094
2021-W16,2021-04-19,7,False,60773,4921,52777,4289,0.081,0.0813
2021-W17,2021-04-26,7,False,47466,3790,40940,3324,0.0798,0.0812
2021-W18,2021-05-03,7,False,38243,3099,32851,2631,0.081,0.0801
2021-W19,2021-05-10,7,False,38424,2911,32781,2404,0.0758,0.0733
2021-W20,2021-05-17,7,False,33710,2194,29038,1813,0.0651,0.0624
2021-W21,2021-05-24,7,False,36368,2303,31284,1935,0.0633,0.0619
2021-W22,2021-05-31,7,False,34400,2574,29730,2266,0.0748,0.0762
2021-W23,2021-06-07,7,False,35725,3283,31148,2938,0.0919,0.0943
2021-W24,2021-06-14,7,False,36993,4099,32456,3694,0.1108,0.1138
2021-W25,2021-06-21,7,False,44682,6462,39406,5919,0.1446,0.1502
2021-W26,2021-06-28,7,False,48682,8616,43022,7837,0.177,0.1822
2021-W27,2021-07-05,7,False,66900,14459,59834,13271,0.2161,0.2218
2021-W28,2021-07-12,7,False,88491,19262,78912,17480,0.2177,0.2215
2021-W29,2021-07-19,7,False,103775,24511,91528,21752,0.2362,0.2377
2021-W30,2021-07-26,7,False,105345,26071,92626,22874,0.2475,0.247
2021-W31,2021-08-02,7,False,105835,26729,93471,23380,0.2526,0.2501
2021-W32,2021-08-09,7,False,113340,26046,99906,22904,0.2298,0.2293
2021-W33,2021-08-16,7,False,111982,22523,98400,19892,0.2011,0.2022
2021-W34,2021-08-23,7,False,97635,18128,84993,15765,0.1857,0.1855
2021-W35,2021-08-30,7,False,83597,14425,72651,12658,0.1726,0.1742
2021-W36,2021-09-06,7,False,71453,12273,62293,10875,0.1718,0.1746
2021-W37,2021-09-13,7,False,53219,8557,46631,7547,0.1608,0.1618
2021-W38,2021-09-20,7,False,66452,9314,57831,8213,0.1402,0.142
2021-W39,2021-09-27,7,False,55840,6991,48005,5851,0.1252,0.1219
2021-W40,2021-10-04,7,False,54397,5458,47073,4647,0.1003,0.0987
2021-W41,2021-10-11,7,False,58719,4343,50252,3781,0.074,0.0752
2021-W42,2021-10-18,7,False,51601,2970,45019,2634,0.0576,0.0585
2021-W43,2021-10-25,7,False,43905,2411,38030,2113,0.0549,0.0556
2021-W44,2021-11-01,7,False,38071,1912,32783,1688,0.0502,0.0515
2021-W45,2021-11-08,7,False,43743,1868,38914,1707,0.0427,0.0439
2021-W46,2021-11-15,7,False,31626,1704,27728,1551,0.0539,0.0559
2021-W47,2021-11-22,7,False,43952,1783,39330,1593,0.0406,0.0405
2021-W48,2021-11-29,7,False,34498,1571,30575,1422,0.0455,0.0465
2021-W49,2021-12-06,7,False,37860,1503,34153,1374,0.0397,0.0402
2021-W50,2021-12-13,7,False,30244,1664,26699,1525,0.055,0.0571
2021-W51,2021-12-20,7,False,34173,3577,30505,3276,0.1047,0.1074
2021-W52,2021-12-27,7,False,51095,12087,46501,11185,0.2366,0.2405
2022-W01,2022-01-03,7,False,102301,37617,93001,34750,0.3677,0.3737
2022-W02,2022-01-10,7,False,132596,58097,117827,52102,0.4382,0.4422
2022-W03,2022-01-17,7,False,147791,67663,130326,59840,0.4578,0.4592
2022-W04,2022-01-24,7,False,138988,62270,121581,54997,0.448,0.4523
2022-W05,2022-01-31,7,False,110078,47286,96735,41796,0.4296,0.4321
2022-W06,2022-02-07,7,False,78988,32469,70095,28840,0.4111,0.4114
2022-W07,2022-02-14,7,False,74835,25873,66309,23191,0.3457,0.3497
2022-W08,2022-02-21,7,False,69337,20514,61912,18037,0.2959,0.2913
2022-W09,2022-02-28,7,False,59401,13694,53247,12285,0.2305,0.2307
2022-W10,2022-03-07,7,False,48367,8160,43573,7589,0.1687,0.1742
2022-W11,2022-03-14,7,False,41762,5852,37262,5373,0.1401,0.1442
2022-W12,2022-03-21,7,False,31389,3338,28172,3104,0.1063,0.1102
2022-W13,2022-03-28,7,False,30788,3031,27748,2820,0.0984,0.1016
2022-W14,2022-04-04,7,False,26584,2492,23692,2294,0.0937,0.0968
2022-W15,2022-04-11,7,False,19855,1187,18069,1056,0.0598,0.0584
2022-W16,2022-04-18,7,False,21616,1719,19420,1534,0.0795,0.079
2022-W17,2022-04-25,7,False,18724,1581,16586,1441,0.0844,0.0869
2022-W18,2022-05-02,7,False,16802,1451,14987,1361,0.0864,0.0908
2022-W19,2022-05-09,7,False,19319,2743,17345,2607,0.142,0.1503
2022-W20,2022-05-16,7,False,24257,3459,22164,3321,0.1426,0.1498
2022-W21,2022-05-23,7,False,22959,4280,20769,4025,0.1864,0.1938
2022-W22,2022-05-30,7,False,28642,6334,26014,5842,0.2211,0.2246
2022-W23,2022-06-06,7,False,34640,10659,31706,9983,0.3077,0.3149
2022-W24,2022-06-13,7,False,46437,17420,42210,16263,0.3751,0.3853
2022-W25,2022-06-20,7,False,60177,30257,55400,27955,0.5028,0.5046
2022-W26,2022-06-27,7,False,71173,40245,65180,37064,0.5655,0.5686
2022-W27,2022-07-04,7,False,87248,49875,79938,45612,0.5716,0.5706
2022-W28,2022-07-11,7,False,84864,49785,77964,45772,0.5866,0.5871
2022-W29,2022-07-18,7,False,76703,42834,70423,39406,0.5584,0.5596
2022-W30,2022-07-25,7,False,55193,29449,50550,27078,0.5336,0.5357
2022-W31,2022-08-01,7,False,41257,19497,37768,17965,0.4726,0.4757
2022-W32,2022-08-08,7,False,32368,13314,29535,12387,0.4113,0.4194
2022-W33,2022-08-15,7,False,24090,8867,21957,8335,0.3681,0.3796
2022-W34,2022-08-22,7,False,22251,7060,20359,6700,0.3173,0.3291
2022-W35,2022-08-29,7,False,22355,5477,20412,5151,0.245,0.2524
2022-W36,2022-09-05,7,False,22758,3815,21005,3577,0.1676,0.1703
2022-W37,2022-09-12,7,False,14517,2649,13314,2465,0.1825,0.1851
2022-W38,2022-09-19,7,False,16646,2530,15227,2380,0.152,0.1563
2022-W39,2022-09-26,7,False,13526,1740,12258,1616,0.1286,0.1318
2022-W40,2022-10-03,7,False,12837,1522,11614,1430,0.1186,0.1231
2022-W41,2022-10-10,7,False,15902,1795,14406,1652,0.1129,0.1147
2022-W42,2022-10-17,7,False,15523,1435,14008,1312,0.0924,0.0937
2022-W43,2022-10-24,7,False,14038,1250,12663,1151,0.089,0.0909
2022-W44,2022-10-31,7,False,11577,1253,10433,1178,0.1082,0.1129
2022-W45,2022-11-07,7,False,15503,1684,14098,1582,0.1086,0.1122
2022-W46,2022-11-14,7,False,13904,1613,12650,1505,0.116,0.119
2022-W47,2022-11-21,7,False,12808,1929,11574,1822,0.1506,0.1574
2022-W48,2022-11-28,7,False,16236,3369,14622,3137,0.2075,0.2145
2022-W49,2022-12-05,7,False,20747,5990,19018,5537,0.2887,0.2911
2022-W50,2022-12-12,7,False,23559,8614,21738,8026,0.3656,0.3692
2022-W51,2022-12-19,7,False,26880,11768,24591,10850,0.4378,0.4412
2022-W52,2022-12-26,7,False,21958,10422,20002,9679,0.4746,0.4839
2023-W01,2023-01-02,7,False,22556,10048,20562,9318,0.4455,0.4532
2023-W02,2023-01-09,7,False,20756,8527,18872,7878,0.4108,0.4174
2023-W03,2023-01-16,7,False,18536,7174,16874,6673,0.387,0.3955
2023-W04,2023-01-23,7,False,18119,6498,16489,5988,0.3586,0.3632
2023-W05,2023-01-30,7,False,15792,5381,14376,4981,0.3407,0.3465
2023-W06,2023-02-06,7,False,14752,5361,13472,4951,0.3634,0.3675
2023-W07,2023-02-13,7,False,17493,6206,15856,5682,0.3548,0.3584
2023-W08,2023-02-20,7,False,16706,6185,15149,5693,0.3702,0.3758
2023-W09,2023-02-27,7,False,15247,6041,13812,5523,0.3962,0.3999
2023-W10,2023-03-06,7,False,15938,6692,14419,6136,0.4199,0.4255
2023-W11,2023-03-13,7,False,15786,6717,14417,6186,0.4255,0.4291
2023-W12,2023-03-20,7,False,14148,5684,12908,5283,0.4018,0.4093
2023-W13,2023-03-27,7,False,14262,5553,12927,5108,0.3894,0.3951
2023-W14,2023-04-03,6,True,7565,2579,6738,2361,0.3409,0.3504
