fecha,ocupacion_pct
2018-10-01,73.17
2018-11-01,75.58
2018-12-01,65.45
2019-01-01,53.13
2019-02-01,69.3
2019-03-01,68.37
2019-04-01,66.49
2019-05-01,68.25
2019-06-01,68.01
2019-07-01,70.09
2019-08-01,65.61
2019-09-01,67.18
2019-10-01,75.44
2019-11-01,78.54
2019-12-01,62.11
2020-01-01,55.51
2020-02-01,69.87
2020-03-01,39.02
2020-04-01,2.76
2020-05-01,1.55
2020-06-01,3.36
2020-07-01,8.22
2020-08-01,12.18
2020-09-01,15.3
2020-10-01,19.04
2020-11-01,21.8
2020-12-01,17.19
2021-01-01,15.63
2021-02-01,16.97
2021-03-01,21.26
2021-04-01,24.91
2021-05-01,29.77
2021-06-01,33.31
2021-07-01,37.84
2021-08-01,35.84
2021-09-01,36.54
2021-10-01,44.06
2021-11-01,56.04
2021-12-01,48.59
2022-01-01,36.48
2022-02-01,45.6
2022-03-01,55.23
2022-04-01,55.6
2022-05-01,56.3
2022-06-01,56.94
2022-07-01,55.97
2022-08-01,56.67
2022-09-01,57.68
2022-10-01,70.64
2022-11-01,73.5
2022-12-01,67.87
2023-01-01,54.91
2023-02-01,62.71
2023-03-01,66.22
2023-04-01,63.98
2023-05-01,60.51
2023-06-01,58.34
2023-07-01,59.83
2023-08-01,62.77
2023-09-01,62.38
2023-10-01,70.36
2023-11-01,77.6
2023-12-01,64.18
2024-01-01,55.92
2024-02-01,64.07
2024-03-01,64.23
2024-04-01,64.08
2024-05-01,62.55
2024-06-01,61.19
2024-07-01,62.6
