mes,afluencia_total,lineas_operando,dias_con_dato,afluencia_diaria_promedio,linea_1,linea_2,linea_3,linea_4,linea_5,linea_6,linea_7
2005-07-01,990421,1,6,165070.0,990421,,,,,,
2005-08-01,6940022,1,31,223872.0,6940022,,,,,,
2005-09-01,6657271,1,30,221909.0,6657271,,,,,,
2005-10-01,5859216,1,31,189007.0,5859216,,,,,,
2005-11-01,5704739,1,30,190158.0,5704739,,,,,,
2005-12-01,5535965,1,31,178580.0,5535965,,,,,,
2006-01-01,5833031,1,31,188162.0,5833031,,,,,,
2006-02-01,5900584,1,28,210735.0,5900584,,,,,,
2006-03-01,6512846,1,31,210092.0,6512846,,,,,,
2006-04-01,5593715,1,30,186457.0,5593715,,,,,,
2006-05-01,6627544,1,31,213792.0,6627544,,,,,,
2006-06-01,6375454,1,30,212515.0,6375454,,,,,,
2006-07-01,6252447,1,31,201692.0,6252447,,,,,,
2006-08-01,7041455,1,31,227144.0,7041455,,,,,,
2006-09-01,6479287,1,30,215976.0,6479287,,,,,,
2006-10-01,6361920,1,31,205223.0,6361920,,,,,,
2006-11-01,5847367,1,30,194912.0,5847367,,,,,,
2006-12-01,5392719,1,31,173959.0,5392719,,,,,,
2007-01-01,6233952,1,31,201095.0,6233952,,,,,,
2007-02-01,5975369,1,28,213406.0,5975369,,,,,,
2007-03-01,6616712,1,31,213442.0,6616712,,,,,,
2007-04-01,5790923,1,30,193031.0,5790923,,,,,,
2007-05-01,6899084,1,31,222551.0,6899084,,,,,,
2007-06-01,6837767,1,30,227926.0,6837767,,,,,,
2007-07-01,6679476,1,31,215467.0,6679476,,,,,,
2007-08-01,6903531,1,31,222695.0,6903531,,,,,,
2007-09-01,6456955,1,30,215232.0,6456955,,,,,,
2007-10-01,7078293,1,31,228332.0,7078293,,,,,,
2007-11-01,6427152,1,30,214238.0,6427152,,,,,,
2007-12-01,5752839,1,31,185575.0,5752839,,,,,,
2008-01-01,6389253,1,31,206105.0,6389253,,,,,,
2008-02-01,6307466,1,29,217499.0,6307466,,,,,,
2008-03-01,6609749,1,31,213218.0,6609749,,,,,,
2008-04-01,8017440,1,30,267248.0,8017440,,,,,,
2008-05-01,7705382,1,31,248561.0,7705382,,,,,,
2008-06-01,7593375,1,30,253112.0,7593375,,,,,,
2008-07-01,7736726,1,31,249572.0,7736726,,,,,,
2008-08-01,7849715,1,31,253217.0,7849715,,,,,,
2008-09-01,7563872,1,30,252129.0,7563872,,,,,,
2008-10-01,8385913,1,31,270513.0,8385913,,,,,,
2008-11-01,7532242,1,30,251075.0,7532242,,,,,,
2008-12-01,8072195,2,31,260393.0,7149306,922889,,,,,
2009-01-01,9936184,2,31,320522.0,7367191,2568993,,,,,
2009-02-01,10165868,2,28,363067.0,7460020,2705848,,,,,
2009-03-01,11239127,2,31,362552.0,8287169,2951958,,,,,
2009-04-01,9411679,2,30,313723.0,6960224,2451455,,,,,
2009-05-01,9712857,2,31,313318.0,7184410,2528447,,,,,
2009-06-01,10906570,2,30,363552.0,8061973,2844597,,,,,
2009-07-01,10517352,2,31,339269.0,7909934,2607418,,,,,
2009-08-01,10839192,2,31,349651.0,7991081,2848111,,,,,
2009-09-01,11236877,2,30,374563.0,8095369,3141508,,,,,
2009-10-01,11997128,2,31,387004.0,8680405,3316723,,,,,
2009-11-01,10777278,2,30,359243.0,7812854,2964424,,,,,
2009-12-01,10394797,2,31,335316.0,7570376,2824421,,,,,
2010-01-01,10216214,2,31,329555.0,7392549,2823665,,,,,
2010-02-01,10575120,2,28,377683.0,7630381,2944739,,,,,
2010-03-01,11744731,2,31,378862.0,8503504,3241227,,,,,
2010-04-01,10782191,2,30,359406.0,7738362,3043829,,,,,
2010-05-01,11263813,2,31,363349.0,8097064,3166749,,,,,
2010-06-01,11321152,2,30,377372.0,8171057,3150095,,,,,
2010-07-01,10964406,2,31,353691.0,8032809,2931597,,,,,
2010-08-01,12184099,2,31,393035.0,8787339,3396760,,,,,
2010-09-01,11713070,2,30,390436.0,8400517,3312553,,,,,
2010-10-01,12744460,2,31,411112.0,9200306,3544154,,,,,
2010-11-01,12114557,2,30,403819.0,8771346,3343211,,,,,
2010-12-01,11291865,2,31,364254.0,8180857,3111008,,,,,
2011-01-01,11505465,2,31,371144.0,8321046,3184419,,,,,
2011-02-01,13678738,3,28,488526.0,8567409,3336267,1775062,,,,
2011-03-01,16371578,3,31,528115.0,9699772,3799711,2872095,,,,
2011-04-01,14303041,3,30,476768.0,8398315,3277809,2626917,,,,
2011-05-01,16048856,3,31,517705.0,9482762,3662814,2903280,,,,
2011-06-01,15902408,3,30,530080.0,9464547,3544827,2893034,,,,
2011-07-01,15421795,3,31,497477.0,9229288,3288869,2903638,,,,
2011-08-01,17348275,3,31,559622.0,10219097,3978069,3151109,,,,
2011-09-01,16709127,3,30,556971.0,9813675,3862607,3032845,,,,
2011-10-01,17461809,3,31,563284.0,10252681,3997411,3211717,,,,
2011-11-01,16696739,3,30,556558.0,9776938,3820744,3099057,,,,
2011-12-01,15655988,3,31,505032.0,9096586,3438828,3120574,,,,
2012-01-01,16461612,3,31,531020.0,9626593,3701685,3133334,,,,
2012-02-01,16532442,3,29,570084.0,9702083,3782993,3047366,,,,
2012-03-01,17753417,3,31,572691.0,10368082,4068567,3316768,,,,
2012-04-01,16189136,4,30,539638.0,8951518,3525545,2966654,745419,,,
2012-05-01,18948392,4,31,611238.0,10460891,4049727,3384702,1053072,,,
2012-06-01,18436892,4,30,614563.0,10044934,3904325,3323518,1164115,,,
2012-07-01,18115545,4,31,584372.0,9962340,3666300,3314105,1172800,,,
2012-08-01,20272677,4,31,653957.0,10982525,4366833,3559576,1363743,,,
2012-09-01,19149881,4,30,638329.0,10374619,4115016,3373484,1286762,,,
2012-10-01,21182360,4,31,683302.0,11581958,4535981,3707654,1356767,,,
2012-11-01,19595174,4,30,653172.0,10690714,4105542,3455038,1343880,,,
2012-12-01,17657920,4,31,569610.0,9336214,3541872,3308102,1471732,,,
2013-01-01,19171768,4,31,618444.0,10416339,4016166,3437991,1301272,,,
2013-02-01,18588671,4,28,663881.0,10116506,3949112,3229743,1293310,,,
2013-03-01,18454300,4,31,595300.0,10071025,3893385,3251012,1238878,,,
2013-04-01,19701727,4,30,656724.0,10850796,4231004,3385478,1234449,,,
2013-05-01,19823516,4,31,639468.0,10965762,4199365,3419258,1239131,,,
2013-06-01,18574671,4,30,619156.0,10233571,3797196,3248748,1295156,,,
2013-07-01,18694510,4,31,603049.0,10498946,3707237,3350117,1138210,,,
2013-08-01,19500021,4,31,629033.0,10673792,4271197,3467424,1087608,,,
2013-09-01,18035797,4,30,601193.0,9861604,4042337,3255251,876605,,,
2013-10-01,20287997,4,31,654452.0,11301855,4396751,3634007,955384,,,
2013-11-01,20344611,5,30,678154.0,10372037,3993942,3464268,1024977,1489387,,
2013-12-01,18718514,5,31,603823.0,9354812,3507506,3333141,901609,1621446,,
2014-01-01,20313514,5,31,655275.0,10153146,3810197,3406566,1196088,1747517,,
2014-02-01,19811249,5,28,707545.0,9848405,3770358,3234777,1285302,1672407,,
2014-03-01,21609742,5,31,697088.0,10795721,4134133,3550186,1307742,1821960,,
2014-04-01,20061576,5,30,668719.0,10001361,3780185,3283843,1310753,1685434,,
2014-05-01,21629784,5,31,697735.0,10780361,4098843,3545898,1407566,1797116,,
2014-06-01,20922591,5,30,697420.0,10292412,3936874,3444548,1519700,1729057,,
2014-07-01,21890772,5,31,706154.0,10835009,3967364,3658065,1651467,1778867,,
2014-08-01,22791877,5,31,735222.0,11007522,4436186,3762865,1664532,1920772,,
2014-09-01,22683905,5,30,756130.0,10931170,4421496,3723183,1726184,1881872,,
2014-10-01,24236370,5,31,781818.0,11860234,4528577,4015789,1845306,1986464,,
2014-11-01,21916515,5,30,730550.0,10459204,4130002,3698850,1798212,1830247,,
2014-12-01,21409032,5,31,690614.0,10080063,3932380,3676165,1859301,1861123,,
2015-01-01,22222829,5,31,716865.0,10543751,4334684,3726721,1755778,1861895,,
2015-02-01,21452951,5,28,766177.0,10224585,4266374,3540874,1646614,1774504,,
2015-03-01,23459209,5,31,756749.0,11300887,4608920,3848111,1797171,1904120,,
2015-04-01,22125861,5,30,737529.0,10755187,4227759,3638241,1707967,1796707,,
2015-05-01,23367687,5,31,753796.0,11257903,4508890,3881025,1855369,1864500,,
2015-06-01,23460925,5,30,782031.0,11342392,4559382,3897387,1783772,1877992,,
2015-07-01,23247430,5,31,749917.0,11301128,4450066,3916130,1704114,1875992,,
2015-08-01,23205984,5,31,748580.0,11344898,4414084,3842729,1677723,1926550,,
2015-09-01,23231399,5,30,774380.0,11309086,4653812,3796918,1533110,1938473,,
2015-10-01,24968482,5,31,805435.0,12191013,4934216,4082603,1672530,2088120,,
2015-11-01,23187515,5,30,772917.0,11206731,4576321,3787057,1668065,1949341,,
2015-12-01,22527139,5,31,726682.0,10698144,4283333,3819360,1749131,1977171,,
2016-01-01,23532416,6,31,759110.0,10916416,4275423,3740078,1619265,1944786,1036448,
2016-02-01,26815553,6,29,924674.0,11119318,4492834,3869640,1443846,2111367,3778548,
2016-03-01,28237367,6,31,910883.0,11662789,4541451,4015548,1690217,2180847,4146515,
2016-04-01,30183676,6,30,1006123.0,12583818,4919929,4274849,1780840,2270639,4353601,
2016-05-01,30689640,6,31,989988.0,12744634,4842406,4421046,1833706,2283689,4564159,
2016-06-01,29910444,6,30,997015.0,12414692,4573711,4405601,1801185,2233861,4481394,
2016-07-01,27752009,6,31,895226.0,11498965,4112521,4173992,1816675,2099295,4050561,
2016-08-01,31013129,6,31,1000424.0,12686705,4909143,4482931,1897785,2350055,4686510,
2016-09-01,30094401,6,30,1003147.0,12121951,4773492,4299583,1759368,2286689,4853318,
2016-10-01,31878656,6,31,1028344.0,12707868,5001612,4595454,1895420,2434454,5243848,
2016-11-01,30869265,6,30,1028976.0,12244887,4856464,4523584,1837878,2324862,5081590,
2016-12-01,29327767,6,31,946057.0,11477847,4447531,4513869,1934300,2298655,4655565,
2017-01-01,30030864,6,31,968738.0,11945891,4615610,4455379,1830091,2273147,4910746,
2017-02-01,29189016,6,28,1042465.0,11541110,4632684,4264626,1655589,2195886,4899121,
2017-03-01,32976447,6,31,1063756.0,13092818,5215589,4825830,1845827,2471779,5524604,
2017-04-01,27876134,6,30,929204.0,11028009,4361558,4189422,1668995,2104854,4523296,
2017-05-01,31931546,6,31,1030050.0,12609992,4989388,4752687,1870507,2351624,5357348,
2017-06-01,31345135,6,30,1044838.0,12289447,4851099,4741882,1805963,2321198,5335546,
2017-07-01,29766217,6,31,960201.0,11691762,4460273,4584934,1852846,2231565,4944837,
2017-08-01,32811851,6,31,1058447.0,12853388,5271420,4863335,1921228,2487695,5414785,
2017-09-01,29371843,6,30,979061.0,11572085,4243223,4220143,1767557,2430217,5138618,
2017-10-01,32619952,6,31,1052257.0,12913688,4744892,4493522,1842922,2626090,5998838,
2017-11-01,31681874,6,30,1056062.0,12401697,4746837,4420514,1787647,2588606,5736573,
2017-12-01,28825716,6,31,929862.0,11112162,4329502,4270974,1718695,2443197,4951186,
2018-01-01,30132359,6,31,972012.0,11822461,4540084,4344943,1723832,2432710,5268329,
2018-02-01,29669613,6,28,1059629.0,11568531,4657971,4156568,1619433,2379261,5287849,
2018-03-01,31086452,6,31,1002789.0,12168190,4782451,4366867,1758466,2488941,5521537,
2018-04-01,31780381,6,30,1059346.0,12630759,4995841,4423840,1744584,2493416,5491941,
2018-05-01,35820423,7,31,1155498.0,13128840,5123789,4622549,1813812,2548119,5807263,2776051
2018-06-01,34765183,7,30,1158839.0,12760729,4832742,4529292,1755216,2440864,5604819,2841521
2018-07-01,34062973,7,31,1098806.0,12620239,4586583,4618581,1779771,2384586,5301058,2772155
2018-08-01,38094490,7,31,1228855.0,13877256,5544893,5002898,1945369,2706671,5931329,3086074
2018-09-01,36185801,7,30,1206193.0,12838027,5253972,4779053,1819772,2573565,5857508,3063904
2018-10-01,40168175,7,31,1295748.0,14378803,5742159,5240963,1975180,2791236,6390374,3649460
2018-11-01,36946548,7,30,1231552.0,13021435,5237411,4885129,1916383,2599062,5880611,3406517
2018-12-01,33340420,7,31,1075497.0,11580440,4582188,4673626,1881420,2434345,5039736,3148665
2019-01-01,37005314,7,31,1193720.0,13091641,5193052,4946199,1902058,2624148,5747079,3501137
2019-02-01,34678378,7,28,1238514.0,12316833,5010550,4544594,1778339,2452400,5362814,3212848
2019-03-01,37629418,7,31,1213852.0,13290197,5406132,4959804,1945301,2681368,5806239,3540377
2019-04-01,34678973,7,30,1155966.0,12325434,4793942,4590329,1832574,2444747,5270359,3421588
2019-05-01,37840030,7,31,1220646.0,13473677,5315852,4982510,1988357,2591636,5871286,3616712
2019-06-01,35994438,7,30,1199815.0,12756597,4939543,4761238,1893363,2476472,5670766,3496459
2019-07-01,36866157,7,31,1189231.0,13278752,4888969,4901846,2001269,2487361,5560751,3747209
2019-08-01,39030151,7,31,1259037.0,13961378,5569828,4895902,2151936,2719847,5993937,3737323
2019-09-01,37256422,7,30,1241881.0,13007916,5367690,4768388,1955849,2645993,5988370,3522216
2019-10-01,41023483,7,31,1323338.0,14435593,5809275,5257833,2080409,2877983,6631016,3931374
2019-11-01,37977540,7,30,1265918.0,13385101,5264106,5038279,1923518,2570030,6132107,3664399
2019-12-01,34360859,7,31,1108415.0,11933819,4515529,4795337,1949043,2502631,5247475,3417025
2020-01-01,36278066,7,31,1170260.0,12721148,4942390,4753349,1984908,2527554,5757551,3591166
2020-02-01,35251882,7,29,1215582.0,12432761,4917253,4537326,1770579,2466241,5714102,3413620
2020-03-01,28709732,7,31,926120.0,9763888,4085142,3761366,1503501,2146819,4715299,2733717
2020-04-01,10209996,7,30,340333.0,3137570,1626155,1420195,450744,945908,1794241,835183
2020-05-01,9122410,7,31,294271.0,2803277,1455840,1224653,422578,830496,1617469,768097
2020-06-01,11482646,7,30,382755.0,3539071,1743356,1490223,582452,962331,1887799,1277414
2020-07-01,14716158,7,31,474715.0,4615630,2126256,1996736,903205,1233863,2396563,1443905
2020-08-01,16536525,7,31,533436.0,5223616,2350233,2239735,1068886,1354400,2612114,1687541
2020-09-01,18146995,7,30,604900.0,5576767,2451344,2213165,1062434,2429724,2707646,1705915
2020-10-01,21149116,7,31,682230.0,6296127,2851462,2507977,1317134,3192024,2984535,1999857
2020-11-01,20177028,7,30,672568.0,5865249,2741442,2391358,1286677,3059547,2862045,1970710
2020-12-01,19016283,7,31,613428.0,5507184,2624693,2236340,1225459,2987271,2631542,1803794
2021-01-01,21574952,7,31,695966.0,6961380,2745906,2667268,1324039,2822086,2678699,2375574
2021-02-01,18684674,7,28,667310.0,5583613,2527041,2256340,1100998,2707984,2521479,1987219
2021-03-01,22197494,7,31,716048.0,6602531,3040569,2801680,1300196,3240665,3012941,2198912
2021-04-01,21672518,7,30,722417.0,6459517,2975024,2774234,1204842,3149443,2895359,2214099
2021-05-01,24586616,7,31,793117.0,7153130,3302010,3080476,1457988,3896370,3165179,2531463
2021-06-01,25959293,7,30,865310.0,7538197,3463702,3191458,1671907,4126656,3263885,2703488
2021-07-01,27054434,7,31,872724.0,7692995,3583969,3273122,1881038,4493371,3587950,2541989
2021-08-01,26398233,7,31,851556.0,7426890,3523190,3064083,1887601,4476812,3297772,2721885
2021-09-01,27445939,7,30,914865.0,7559362,3637126,3208954,1939173,4692434,3553401,2855489
2021-10-01,30786083,7,31,993099.0,8596119,4046256,3527760,2196553,5242573,3792688,3384134
2021-11-01,30943733,7,30,1031458.0,8676464,4142706,3554762,2109611,5306803,3852422,3300965
2021-12-01,31874904,7,31,1028223.0,8864871,4229135,3745834,2259856,5523999,3900556,3350653
2022-01-01,27780543,7,31,896147.0,7524083,3663187,3148446,1863376,4756117,3585126,3240208
2022-02-01,28962694,7,28,1034382.0,7885033,3871456,3209808,1899568,5051712,3753217,3291900
2022-03-01,35362188,7,31,1140716.0,9800598,4806805,3949556,2220009,6175871,4602418,3806931
2022-04-01,32961313,7,30,1098710.0,9170856,4414054,3685575,2292975,5556922,4125271,3715660
2022-05-01,37002982,7,31,1193645.0,10338265,5022129,4137140,2498691,6287006,4642405,4077346
2022-06-01,35795239,7,30,1193175.0,9920894,4836262,4019143,2424865,6166934,4372633,4054508
2022-07-01,36174429,7,31,1166917.0,9777975,4800474,4043109,2867338,5964023,4362666,4358844
2022-08-01,40912144,7,31,1319747.0,11180663,5720410,4482065,3122928,6702688,5025025,4678365
2022-09-01,40000210,7,30,1333340.0,10701179,5712919,4437873,2890940,6852335,5041015,4363949
2022-10-01,42401403,7,31,1367787.0,11534287,5982800,4641792,3086023,7232025,5284256,4640220
2022-11-01,41559342,7,30,1385311.0,11280019,5830139,4572505,2958324,7138652,5325945,4453758
2022-12-01,39218688,7,31,1265119.0,10570339,5373319,4422248,3026946,6618834,4857427,4349575
2023-01-01,40084832,7,31,1293059.0,11237955,5497054,4553728,2970162,6671454,4990975,4163504
2023-02-01,38371290,7,28,1370403.0,10652910,5424742,4297700,2790796,6535977,4943148,3726017
2023-03-01,43629646,7,31,1407408.0,12155008,6387945,4880165,3109174,7490352,5519882,4087120
2023-04-01,37586450,7,30,1252882.0,10476151,5373348,4279888,2918344,6271638,4584672,3682409
2023-05-01,42964038,7,31,1385937.0,11961586,6214305,4857573,3225175,7143072,5411833,4150494
2023-06-01,42286640,7,30,1409555.0,11833255,6050422,4822447,3130593,6997748,5343834,4108341
2023-07-01,39753104,7,31,1282358.0,11190825,5592658,4667044,3214710,6464702,4797890,3825275
2023-08-01,42917018,7,31,1384420.0,12153704,6086015,4990656,3380772,6911741,5309251,4084879
2023-09-01,43890860,7,30,1463029.0,11938705,6591245,5060267,3234151,7407498,5697887,3961107
2023-10-01,46012304,7,31,1484268.0,12757030,6860799,5389397,3204443,7755835,5904501,4140299
2023-11-01,43201047,7,30,1440035.0,12535116,6418304,5151544,3021954,7161320,5427812,3484997
2023-12-01,40985534,7,31,1322114.0,11632802,6079352,4940323,2899809,6674863,4871808,3886577
2024-01-01,43352331,7,31,1398462.0,12218996,6474740,5075049,2877765,6986786,5348264,4370731
2024-02-01,43162025,7,29,1488346.0,12240696,6520692,5010917,2947332,6856084,5213358,4372946
2024-03-01,42701773,7,31,1377477.0,11935860,6376559,4923247,2997670,6869158,5333428,4265851
2024-04-01,44568211,7,30,1485607.0,12579287,6638107,5129365,3130312,7144264,5501487,4445389
2024-05-01,45477375,7,31,1467012.0,13038358,6740012,5282166,3129572,7332247,5507019,4448001
2024-06-01,42615634,7,30,1420521.0,12367386,6207253,5022713,2944182,6894932,5026631,4152537
2024-07-01,43617507,7,31,1407016.0,12550267,6057585,5207793,3174088,6796657,5261316,4569801
2024-08-01,45714989,7,31,1474677.0,13187758,6324938,5363779,3250366,7260528,5644783,4682837
2024-09-01,44105415,7,30,1470180.0,12719696,6266500,5116196,2857524,7363749,5687087,4094663
2024-10-01,47242230,7,31,1523943.0,13885914,6543775,5477382,2936191,7882343,5976589,4540036
2024-11-01,45239213,7,30,1507974.0,13162588,6229270,5306723,2856066,7512350,5823926,4348290
2024-12-01,41902806,7,31,1351703.0,12099929,5517651,5089540,3140555,6927921,5115182,4012028
2025-01-01,42935685,7,31,1385022.0,12748534,5683026,5118163,3071324,6999159,5225421,4090058
2025-02-01,41481889,7,28,1481496.0,12257899,5600695,4824866,2850282,6815748,5006425,4125974
2025-03-01,44889879,7,31,1448061.0,13262621,6181315,5272632,2855280,7508937,5391901,4417193
2025-04-01,41218634,7,30,1373954.0,12261325,5582339,4863567,2735328,6796398,4746483,4233194
2025-05-01,42058955,7,31,1356740.0,12493760,5864964,5038665,2651986,7121107,5069155,3819318
2025-06-01,40903631,7,30,1363454.0,12065067,5724623,4970811,2515585,7089132,5083527,3454886
2025-07-01,42002231,7,31,1354911.0,12552514,5630424,5153943,2932317,7013524,5026545,3692964
2025-08-01,42151734,7,31,1359733.0,12941680,5671475,5141164,2870473,6977477,4893447,3656018
2025-09-01,42647362,7,30,1421579.0,12680810,6185929,5182681,2520930,7524338,5104425,3448249
2025-10-01,46569636,7,31,1502246.0,13827878,6587458,5566225,2694457,8087174,6039937,3766507
2025-11-01,42538128,7,30,1417938.0,12383112,5924462,5174375,2607817,7340048,5704693,3403621
2025-12-01,40458171,7,31,1305102.0,11971501,5388278,5081802,2471865,7039100,5179074,3326551
2026-01-01,40592179,7,31,1309425.0,12256977,5280593,4980863,2488039,6906230,5208294,3471183
2026-02-01,39976874,7,28,1427746.0,12176103,5380975,4818568,2364580,6829647,5140020,3266981
2026-03-01,44002655,7,31,1419440.0,13430056,5895678,5213618,2612766,7608767,5678821,3562949
2026-04-01,42149475,7,30,1404982.0,12905050,5625436,5147879,2640207,7152323,5175651,3502929
2026-05-01,43122913,7,31,1391062.0,12898988,5956492,5271974,2570282,7491785,5530040,3403352
2026-06-01,39751764,7,30,1325059.0,12372400,5622688,4906584,1102181,7262320,5574803,2910788
2026-07-01,40771965,7,31,1315225.0,12361362,5325716,5081193,2559613,7000955,5238929,3204197
