mes,afluencia_total,dias_con_dato,estaciones_cerradas_promedio,afluencia_diaria_promedio,linea_1,linea_12,linea_2,linea_3,linea_4,linea_5,linea_6,linea_7,linea_8,linea_9,linea_a,linea_b
2010-01-01,112758984,31,0.0,3637387.0,19354887,0,21264240,18430640,1841505,5965962,3030757,6158461,10467289,8443552,6101408,11700283
2010-02-01,116801824,28,0.1,4171494.0,19215367,0,21238835,19849831,2053602,6587869,3276648,6343782,10576119,8852996,6355684,12451091
2010-03-01,130822416,31,0.0,4220078.0,21830776,0,23919235,21884103,2201349,7230841,3720833,7241099,11539055,9972953,7488566,13793606
2010-04-01,122809642,30,0.0,4093655.0,20535521,0,22454577,20468141,2149402,6524485,3488355,6825265,11156422,9189241,7008344,13009889
2010-05-01,129929033,31,0.0,4191259.0,21640349,0,24402437,21535412,2257987,6754386,3649207,7231894,11656984,9816704,7115793,13867880
2010-06-01,126097931,30,0.0,4203264.0,21072271,0,23725626,20511880,2183075,6541890,3557272,7235563,11541458,9644215,6927110,13157571
2010-07-01,125322931,31,0.0,4042675.0,21647630,0,23425058,20190014,2191215,6371172,3431245,7030468,11928705,9239222,6925561,12942641
2010-08-01,137010450,31,0.0,4419692.0,22519652,0,25925035,22762032,2440400,7271301,4086938,7586598,12859483,10008283,7280901,14269827
2010-09-01,123961030,30,0.0,4132034.0,20024358,0,22907961,21003266,2294177,6730438,3835931,6978521,11801138,8796387,6552647,13036206
2010-10-01,139591969,31,0.0,4502967.0,22346294,0,26837316,23519507,2515996,7032943,4377567,7980650,13500280,9428995,7146808,14905613
2010-11-01,132453766,30,0.0,4415126.0,22212706,0,25731601,21065118,2347687,7066126,4141120,7608245,12203189,8888279,7386371,13803324
2010-12-01,132688621,31,0.0,4280278.0,22711936,0,25042857,20103593,2596215,7068047,3818415,7259845,12735270,9095058,7365684,14891701
2011-01-01,129331751,31,0.0,4171992.0,21384012,0,25686111,19809439,2442138,5967003,4128288,8219020,12015538,8527270,7971803,13181129
2011-02-01,123435611,28,0.0,4408415.0,19746134,0,24457757,19055788,2349099,5751688,4129300,7864664,11422771,8196103,7899901,12562406
2011-03-01,136696482,31,0.0,4409564.0,21797011,0,27157425,20905491,2636072,6412644,4670149,8688202,12606162,9238079,8767068,13818179
2011-04-01,122769298,30,0.0,4092310.0,19957848,0,24288524,18445605,2351580,5818260,4070677,7676206,11520372,8219613,7897819,12522794
2011-05-01,135325082,31,0.0,4365325.0,21769586,0,26991568,20772766,2578606,6260794,4550039,8537121,12445737,9179453,8496430,13742982
2011-06-01,129193227,30,0.0,4306441.0,21042684,0,25941680,19726651,2460792,5821729,4292976,8193912,11968448,8718874,7963164,13062317
2011-07-01,129070864,31,0.0,4163576.0,21706362,0,25854039,19070759,2454346,5897025,4128790,8104900,11984559,8644633,7985289,13240162
2011-08-01,141526525,31,0.0,4565372.0,22932151,0,28493615,21630593,2707355,6604957,4897563,8855276,12875188,9305918,8850711,14373198
2011-09-01,132073111,30,0.1,4402437.0,21494300,0,25657565,20214977,2617980,6156324,4729107,8369542,12231001,8861048,8285765,13455502
2011-10-01,142358736,31,0.0,4592217.0,23043026,0,27917092,21707464,2869017,6592674,5058964,8962632,13090361,9628879,8876540,14612087
2011-11-01,135705650,30,0.0,4523522.0,21758895,0,27397096,20460592,2699827,6157081,4675893,8634184,12666458,9008278,8273957,13973389
2011-12-01,137417560,31,0.0,4432825.0,22940250,0,28051675,19750170,2861849,6237577,4495196,8271213,13086804,8847892,8226551,14648383
2012-01-01,131626763,31,0.0,4246025.0,21754614,0,25766456,19849460,2404305,5912308,4714140,7831286,12097256,9329981,8364988,13601969
2012-02-01,129519690,29,0.0,4466196.0,20874403,0,25156309,19936976,2318987,6024156,4756903,7804459,11744214,9226363,8363096,13313824
2012-03-01,138511340,31,0.0,4468108.0,22443035,0,26982652,21255968,2506412,6401065,4953850,8248814,12612139,10046325,8730099,14330981
2012-04-01,123972086,30,0.0,4132403.0,21019891,0,23938650,18642376,2231392,5826139,4332898,7262373,11303098,8747675,7839550,12828044
2012-05-01,138428577,31,0.0,4465438.0,22947932,0,26744125,21049696,2505321,6276946,4891139,8397554,12640387,9994903,8831904,14148670
2012-06-01,126015688,30,0.0,4200523.0,20959405,0,24357414,18893184,2339296,5699905,4519769,7514327,11822478,9072140,7888187,12949583
2012-07-01,129284798,31,4.0,4170477.0,22775292,0,25384097,19505950,2434740,5980082,4636848,7909489,12315341,9410543,5370656,13561760
2012-08-01,140029883,31,3.8,4517093.0,23674127,0,27391139,22037080,2672797,6661987,5366110,8509473,13060917,10134237,5853910,14668106
2012-09-01,135165562,30,0.0,4505519.0,22202555,0,25711212,20903418,2564788,6242804,5058613,8093362,12540739,9711110,8107562,14029399
2012-10-01,144724993,31,0.0,4668548.0,23412206,0,27892776,22375938,2764033,6651128,5488514,8732332,13179517,10466862,8906409,14855278
2012-11-01,138570930,30,0.0,4619031.0,21844654,5284946,25670572,20762618,2471785,6919960,4899694,7742154,11201873,10279731,7342913,14150030
2012-12-01,133014865,31,0.0,4290802.0,21915708,5805276,24849373,18582007,2524777,6476510,4219074,6943277,10792637,9448145,7060719,14397362
2013-01-01,135849122,31,0.0,4382230.0,21662882,6329475,24754803,20008402,2329318,6675300,3812737,8054199,11154943,9988005,7326324,13752734
2013-02-01,130004980,28,0.0,4643035.0,20030559,6232293,23657550,19489998,2235010,6577557,3780027,7406119,10538401,9831977,7160742,13064747
2013-03-01,133271205,31,0.0,4299071.0,20701840,6532211,24403967,19666054,2259727,6721852,3807814,7625976,10845620,9999968,7233284,13472892
2013-04-01,141224389,30,0.0,4707480.0,21825737,7186131,25407411,21282690,2421054,7159956,4182080,8182092,11052945,10679644,7826145,14018504
2013-05-01,143134477,31,0.0,4617241.0,22947374,7537339,25607105,21171010,2515481,7212939,4245544,8425588,11132494,10289941,7714434,14335228
2013-06-01,135729933,30,0.1,4524331.0,22239217,7444695,24333474,19753210,2369593,6601121,3856798,8059476,10709077,9843531,7115586,13404155
2013-07-01,138573850,31,0.0,4470124.0,22777712,7950602,24865560,19794466,2394228,6886822,3902275,8198713,10693077,10062515,7355293,13692587
2013-08-01,151186639,31,0.0,4876988.0,24158918,8522954,26912387,22361245,2678934,7747486,4537018,8741572,11563557,10882613,8141162,14938793
2013-09-01,140521822,30,0.7,4684061.0,23026396,8346822,23569258,20909021,2579004,7187128,4292584,8149582,10918205,10204690,7314935,14024197
2013-10-01,154718101,31,0.2,4990906.0,23894336,9381523,26720102,22999212,2889261,7764703,4763613,9097835,12300105,11528146,8137287,15241978
2013-11-01,148355403,30,0.0,4945180.0,23224349,8837781,26056998,21305003,2752626,7356571,4455638,8527974,11907899,11700446,7668159,14561959
2013-12-01,132366697,31,0.1,4269893.0,22514106,7680906,23655188,18302113,2791986,6423415,3907523,7504267,10912055,8759213,6003344,13912581
2014-01-01,134891665,31,0.0,4351344.0,21529359,7894545,23932091,19554984,2479287,6936189,3922726,8007094,10448396,9876284,7111700,13199010
2014-02-01,127895110,28,0.0,4567682.0,19506124,7710394,22597019,19172566,2333549,6677931,3780382,7677780,9619544,9311286,6996108,12512427
2014-03-01,137294286,31,7.1,4428848.0,21740156,5474607,24898139,20719344,2567412,7313023,4002431,8386467,10753752,10133576,7716828,13588551
2014-04-01,125994799,30,11.0,4199827.0,20690787,3800664,23072925,18674856,2351415,6820437,3729266,7734712,10322023,9071658,7105678,12620378
2014-05-01,136101602,31,11.0,4390374.0,21913961,4089774,24779858,20285047,2500886,7109924,4042644,8224410,11294292,10123125,8071285,13666396
2014-06-01,128808437,30,11.0,4293615.0,21255740,3944508,23143061,18988453,2408139,6598054,3778009,7873389,10844704,9107878,7884766,12981736
2014-07-01,133274347,31,11.0,4299172.0,22766902,4029202,23830457,18997661,2477073,6472578,3782718,8255459,11419152,9925417,7975653,13342075
2014-08-01,140540262,31,11.0,4533557.0,23395408,4070300,25257902,20884709,2614193,7459965,4264584,8352824,11673839,10044401,8466160,14055977
2014-09-01,138946239,30,11.0,4631541.0,22892991,3965643,24252005,20535395,2697557,7125319,4239825,8321176,12652074,10523510,8456019,13284725
2014-10-01,144125009,31,11.0,4649194.0,23548115,4322421,25472375,21601847,2704800,7374232,4243669,9062634,12109771,10693232,8980319,14011594
2014-11-01,133179011,30,11.0,4439300.0,21695151,4468890,23729589,19719466,2518716,6785323,3879841,8164436,11421191,9630555,8026399,13139454
2014-12-01,133282827,31,11.0,4299446.0,22773966,3725079,24275321,18260967,2683179,6862655,3750731,7929007,11868579,9555546,7981201,13616596
2015-01-01,134722783,31,11.0,4345896.0,22400946,4348411,23841633,19476644,2532865,6989803,4091578,8006147,11780652,9752633,8209450,13292021
2015-02-01,127562338,28,11.0,4555798.0,20493830,4240914,22213423,19085567,2381638,6586644,3969990,7822616,10960667,9407450,7923813,12475786
2015-03-01,137897799,31,11.0,4448316.0,22577522,4021996,24270167,20587358,2593001,7235254,4327186,8409713,11733755,10179675,8685376,13276796
2015-04-01,129231371,30,11.0,4307712.0,21262900,3725859,22662025,19179157,2396542,6990091,4044930,7832666,10892642,9604131,8016756,12623672
2015-05-01,135867083,31,11.0,4382809.0,22250940,3904806,24392916,19763783,2554947,6915532,4289434,8287264,11573780,10015645,8481082,13436954
2015-06-01,133667631,30,13.8,4455588.0,22133825,4042184,23924846,19391667,2498010,6971563,4341267,8569509,11725188,10121360,6774965,13173247
2015-07-01,133702097,31,16.0,4312971.0,22890933,3983061,24272563,18871065,2541597,7100235,4428317,8474921,11613736,10233419,5899447,13392803
2015-08-01,136311248,31,14.7,4397137.0,23329427,3896630,24484515,20133481,2595546,7215614,4315253,8407567,11634971,10169958,6661827,13466459
2015-09-01,134217664,30,11.0,4473922.0,21932261,4028192,23329153,19684620,2547258,7211184,4514806,8244300,11481818,9745067,8183109,13315896
2015-10-01,145599403,31,10.5,4696755.0,23517550,4537393,25454790,21096895,2860827,7619556,5013882,9526513,12373317,10513573,8766636,14318471
2015-11-01,136579465,30,5.8,4552649.0,21874563,5652251,23871357,19361967,2609537,7127567,4407562,8577428,11556092,9811069,8231776,13498296
2015-12-01,138469760,31,0.0,4466766.0,22940290,7554403,24235217,18112663,2803485,7104040,4187311,8222433,11658931,9517225,8094397,14039365
2016-01-01,132787549,31,0.0,4283469.0,21541420,7669377,22747628,18216484,2487384,6773178,3978061,8164767,11072254,9375516,7847601,12913879
2016-02-01,134386520,29,0.0,4634018.0,20708129,8202388,22706355,19206712,2424160,6946725,4126921,8420682,11027410,9530857,8224210,12861971
2016-03-01,123511289,29,0.0,4259010.0,19229772,7375391,20715342,16826589,2233961,6383975,3691801,7581837,10164028,8565235,7448419,13294939
2016-04-01,142246907,30,0.0,4741564.0,22153247,8803848,24301494,20213607,2613603,7276262,4341956,9002744,11508147,10079829,8389731,13562439
2016-05-01,141928134,31,0.0,4578327.0,22462110,8837009,23496537,20458982,2580223,7306197,4248845,9053559,11353933,10160963,8344489,13625287
2016-06-01,139440645,30,0.0,4648022.0,22032352,8743230,23633154,19748611,2518353,6947929,4048908,8938489,11186311,10050367,8562936,13030005
2016-07-01,131729862,31,0.0,4249350.0,22033617,8165282,22455526,17940872,2356676,6599746,3508254,8283938,10598850,9378934,8019868,12388299
2016-08-01,146918301,31,0.0,4739300.0,23182067,9446155,24778920,20978968,2603162,7508976,4241963,9286058,11856209,10168740,9078174,13788909
2016-09-01,139254917,30,0.0,4641831.0,21206643,9299809,22823342,20012866,2520505,7162637,4221680,8938882,11574907,9678618,8754780,13060248
2016-10-01,147747542,31,0.0,4766050.0,22168673,9872416,24633730,21279337,2735156,7514721,4447317,9441421,12265227,10428945,9134277,13826322
2016-11-01,141499513,30,0.0,4716650.0,21611168,9536234,23837385,19902849,2625126,7167260,4205372,9109819,11715253,9811743,8877267,13100037
2016-12-01,140736488,31,0.0,4539887.0,22158816,9341751,24234292,18563511,2817258,7132124,4107641,8635196,11870258,9696323,8679217,13500101
2017-01-01,135244906,31,0.0,4362739.0,20908864,9424685,22796927,18485567,2527206,6691578,3978625,8753297,11056960,9606879,8523567,12490751
2017-02-01,130144281,28,0.0,4648010.0,18929971,9139601,21843265,18640554,2428900,6660134,3890619,8414851,10622686,9263765,8314214,11995721
2017-03-01,146425638,31,0.0,4723408.0,21096569,10466707,24601396,21180628,2723368,7643451,4473247,9372613,11862403,10348438,9225517,13431301
2017-04-01,127804398,30,0.0,4260147.0,19199296,8983557,21467047,18017337,2349282,6704245,3784114,7879350,10428730,8831344,8100824,12059272
2017-05-01,141264304,31,0.0,4556913.0,21229000,10127298,23525614,20069613,2566106,7272025,4286665,8982988,11427394,9862425,8819674,13095502
2017-06-01,138025748,30,0.0,4600858.0,21166044,9998552,23187635,19204057,2547396,7060048,4170032,8785393,11052631,9672868,8537604,12643488
2017-07-01,134054267,31,0.0,4324331.0,21564125,9675170,22420038,17861430,2509984,6727768,3797184,8585362,10669989,9413121,8438240,12391856
2017-08-01,145229407,31,0.0,4684820.0,22518501,10487006,24340263,20741157,2671538,7723952,4495240,9262370,11054225,9821420,8896311,13217424
2017-09-01,96138052,22,0.4,4369911.0,14430509,6871271,15978155,13596511,1815836,5225471,3007577,6234355,7468917,6632755,5931865,8944830
2017-10-01,144338046,31,3.7,4656066.0,21646484,9111893,24118336,20709329,2764826,7715134,4602661,9535012,12060302,10016774,8672255,13385040
2017-11-01,141344448,30,0.0,4711482.0,21113386,10233309,23833392,19801666,2669553,7351491,4407182,9184962,11773383,9670605,8272175,13033344
2017-12-01,135638916,31,0.0,4375449.0,20717197,9725958,23827292,18105430,2753455,6937408,4110761,8225068,11166717,9100249,7953773,13015608
2018-01-01,133567812,31,0.0,4308639.0,19988741,9944325,22665075,18770656,2500924,6872948,4008772,8544089,10695483,9316765,8099593,12160441
2018-02-01,129068104,28,0.1,4609575.0,18633365,8823854,21917018,18745531,2401812,6869255,4113580,8210652,10417526,9067098,7975896,11892517
2018-03-01,135831073,31,0.0,4381648.0,19448532,10201882,23038685,19035237,2480197,7237306,4171374,8463549,11261409,9398478,8480756,12613668
2018-04-01,137380658,30,0.0,4579355.0,19560973,10426897,23256293,19451130,2519678,7465237,4278412,8716987,11281599,9397227,8351195,12675030
2018-05-01,140608299,31,0.0,4535752.0,20363599,10852372,23385519,19714728,2607497,7485841,4345743,8930888,11463940,9811123,8583024,13064025
2018-06-01,134683946,30,0.0,4489465.0,20074469,10541426,22373781,18299620,2448285,7019308,4130962,8993881,11151177,9295360,7892154,12463523
2018-07-01,132333942,31,0.0,4268837.0,20367505,10240109,22108233,17474504,2405481,6876599,3883360,8844678,10838873,9321918,7925067,12047615
2018-08-01,145996594,31,0.0,4709568.0,21969410,11381973,23856636,20299860,2672863,7977332,4454994,9255598,11677402,9882606,9106331,13461589
2018-09-01,136858837,30,0.0,4561961.0,20145158,10816390,22502121,18807794,2557740,7417217,4232280,8923786,10814008,9296529,8519808,12826006
2018-10-01,150463709,31,0.0,4853668.0,21781516,11956264,24679280,20661481,2781387,7966670,4710037,10254008,11925078,10242216,9759886,13745886
2018-11-01,138432535,30,0.0,4614418.0,20288153,10619731,22380256,18574235,2583993,7367969,4318314,9289991,11368722,9415909,9249167,12976095
2018-12-01,132249504,31,0.0,4266113.0,20528663,10110482,22374195,16649070,2639501,6781180,3906832,8123664,10824421,8871867,8633290,12806339
2019-01-01,133040079,31,0.0,4291615.0,19957322,11101356,22455770,18598561,2448839,6534930,4228759,9111067,11155628,8323044,6533251,12591552
2019-02-01,124568306,28,0.0,4448868.0,18398625,10616741,20894364,17405167,2274860,6137869,3978546,8482970,10582100,7781624,6259785,11755655
2019-03-01,132417573,31,0.0,4271535.0,19829809,10957384,22192174,18443329,2486724,6615668,4231928,8865078,11219660,8364686,6523005,12688128
2019-04-01,121308154,30,0.0,4043605.0,18541548,10254864,20284221,16741354,2178818,6043051,3728993,8046013,10332359,7465625,5985904,11705404
2019-05-01,140358775,31,0.0,4527702.0,20528465,11982207,23788389,19832352,2483378,6876140,4445373,9818272,11522473,8886862,6920225,13274639
2019-06-01,129909461,30,0.0,4330315.0,19118013,10971452,22094499,18142278,2286898,6281319,3971909,8941792,11145927,8150957,6403465,12400952
2019-07-01,131005128,31,0.2,4225972.0,19966279,11075821,22201073,17670847,2349472,6442563,3978085,9118112,10931230,8185907,6512107,12573632
2019-08-01,142472177,31,0.0,4595877.0,20812557,11865343,24199895,20263047,2539857,7111253,4551258,9803807,11738460,8825670,7248288,13512742
2019-09-01,130821122,30,0.0,4360704.0,19321394,11173774,21988891,18388686,2369123,6375874,4114549,8900425,10887409,8102168,6688857,12509972
2019-10-01,139363989,31,0.0,4495613.0,20622331,11864636,23374218,19862634,2580979,6699622,4362793,9348621,11537670,8748849,7096150,13265486
2019-11-01,140094238,30,0.0,4669808.0,20658909,12119522,23531836,19690275,2541969,6707040,4432885,9461228,11605679,8766674,7173900,13404321
2019-12-01,129292277,31,0.0,4170719.0,19749607,10917267,22144116,17329727,2472115,6182398,3920744,8254666,10962084,7990185,6505893,12863475
2020-01-01,130708973,31,0.0,4216418.0,19570845,11367294,21692554,18522802,2307044,6234591,4130904,8873031,10858079,8246631,6687187,12218011
2020-02-01,129069097,29,0.0,4450659.0,18497467,11205812,21492217,18551961,2493430,6279578,4070726,8704840,10743656,8187170,6712675,12129565
2020-03-01,107531899,31,1.5,3468771.0,15352187,9560090,17359073,15156098,2201582,4677689,3352584,6932083,9398422,7368384,5859590,10314117
2020-04-01,41139457,30,9.6,1371315.0,6069694,3779624,5810134,5564538,783687,2205693,1230697,2293911,3594145,2847060,2768631,4191643
2020-05-01,35899769,31,35.2,1158057.0,5566975,3195495,5213367,5052877,557017,1929355,1098175,1975746,2935017,2540996,2165038,3669711
2020-06-01,44780955,30,22.5,1492698.0,7176949,3895292,6725735,6165307,670658,2367101,1329784,2550309,3745583,3112916,2620853,4420468
2020-07-01,58756521,31,2.2,1895372.0,9206027,5111747,8560774,7910165,1000876,3039195,1663356,3441782,5223820,4009182,3679613,5909984
2020-08-01,65016011,31,2.0,2097291.0,10042744,5644065,9814014,8954626,1135461,3264490,1736790,3764849,5757089,4376697,3957149,6568037
2020-09-01,66219212,30,2.0,2207307.0,10484374,5825455,9737947,9141647,1092939,3320448,1776995,3939050,5886484,4469204,4072281,6472388
2020-10-01,74872132,31,1.3,2415230.0,12435022,6516220,10811963,10324922,1259950,3666798,1993609,4430574,6421860,5018166,4541094,7451954
2020-11-01,71089553,30,1.0,2369652.0,11639829,6221766,10639310,9702799,1265394,3488010,1877866,4128093,5954911,4651771,4372135,7147669
2020-12-01,69140763,31,1.4,2230347.0,11437241,5891916,9847424,9092293,1334237,3564575,1825292,3933726,5888091,4465596,4520220,7340152
2021-01-01,41033642,31,47.0,1323666.0,3891672,5200393,1883653,1798261,960785,2526328,1271536,3491515,5181779,5006915,3801047,6019758
2021-02-01,50436321,28,6.0,1801297.0,7755906,4618315,5260691,5925667,976069,2848668,1363733,3322623,4926546,4133209,3691884,5613010
2021-03-01,65449779,31,0.5,2111283.0,10099871,6121744,9144524,8247524,1141422,3507915,1739199,3972684,5923159,4517301,4491444,6542992
2021-04-01,62577359,30,0.6,2085912.0,9784074,5669928,8906097,8165725,1107455,3374399,1717491,3831715,5573192,4004394,4049297,6393592
2021-05-01,62689975,31,19.0,2022257.0,10315082,460978,9345598,9119245,1147284,3715616,1954293,4229492,6508139,4602397,4565426,6726425
2021-06-01,63410819,30,20.7,2113694.0,10760863,0,9887220,9193277,1127036,3554723,1981583,4340981,6779683,4789137,4547300,6449016
2021-07-01,69822069,31,20.0,2252325.0,11872723,0,11148021,9992644,1435645,3797824,2108001,4669598,6956923,5538216,4747690,7554784
2021-08-01,67964499,31,20.6,2192403.0,12092001,0,9954719,9971239,1392834,3787352,1950423,4336408,7130347,5636891,4560815,7151470
2021-09-01,70154247,30,21.1,2338475.0,12260449,0,10285519,10271494,1463093,3840147,2072841,4539213,7368137,5617496,4736446,7699412
2021-10-01,78122952,31,20.3,2520095.0,12759949,0,12190337,11402536,1727781,4244524,2345492,5051751,8484479,6233646,5252675,8429782
2021-11-01,78483883,30,21.5,2616129.0,12536258,0,12213335,11466255,1657170,4277348,2422461,4976110,8581247,6200864,5116114,9036721
2021-12-01,84154004,31,20.8,2714645.0,13884485,0,13311739,11980717,1796068,4594657,2606392,5153007,9321317,6322791,5280791,9902040
2022-01-01,70563670,31,20.0,2276247.0,11910905,0,10978462,10228964,1420448,3947685,2254213,4363885,7595899,5617999,4210660,8034550
2022-02-01,72052555,28,20.0,2573306.0,11569786,0,11517993,10512569,1455515,3895906,2366674,4604983,7593341,5757914,4671437,8106437
2022-03-01,88358374,31,20.1,2850270.0,13847936,0,14263561,13318282,1855405,5024838,2856081,5637143,9315026,6870767,5763476,9605859
2022-04-01,82897274,30,20.0,2763242.0,13026673,0,13508472,12255283,1731115,4588859,2591891,5295421,8836542,6372586,5434100,9256332
2022-05-01,91245641,31,20.0,2943408.0,13729146,0,14951194,13787686,1889720,4953498,3010090,5911998,9571374,7164030,5971600,10305305
2022-06-01,88424030,30,20.0,2947468.0,13461708,0,14342664,13177425,1849756,4694742,2969498,5914096,9485920,6801248,5829651,9897322
2022-07-01,80680662,31,28.8,2602602.0,6715663,0,14075474,12823929,1944719,4296224,2746137,5699542,9208145,7260187,6181403,9729239
2022-08-01,90184617,31,32.0,2909181.0,4585839,0,16436726,15939382,2261522,4916552,3411801,6254104,10375431,8088356,7162935,10751969
2022-09-01,88794502,30,32.2,2959817.0,4590025,0,15836235,15554078,2212848,4770667,3334294,6203134,10395918,8101700,6939414,10856189
2022-10-01,95094480,31,32.0,3067564.0,5096716,0,17427764,16360029,2338018,5059053,3415133,6587559,11214558,9000492,7226428,11368730
2022-11-01,91831197,30,32.1,3061040.0,4709857,0,17017401,15689448,2103691,4931460,3438331,6492884,10922303,8508135,6846560,11171127
2022-12-01,89981293,31,32.0,2902622.0,4717656,0,16792375,14479511,2329649,4946701,3353542,6052297,11130036,8098393,6689194,11391939
2023-01-01,87266174,31,27.4,2815038.0,4987712,1352212,15001452,13754265,2177662,4775407,3280929,6153646,10822875,7970896,6369783,10619335
2023-02-01,86696037,28,23.0,3096287.0,4623821,2561452,15046695,14210714,2013674,4702951,3231262,6096786,10373999,7690975,6116651,10027057
2023-03-01,99399033,31,23.1,3206420.0,5310378,3009183,17614897,16268582,2376827,5494642,3625657,6783368,11675311,8847775,6975273,11417140
2023-04-01,86639757,30,23.0,2887992.0,4842980,2665116,15361732,13841607,2121346,4790817,3031159,5754343,10355656,7691607,6054680,10128714
2023-05-01,96485575,31,23.0,3112438.0,5311272,3107281,17430666,15527167,2310848,5276073,3455543,6546108,11222915,8506326,6702387,11088989
2023-06-01,93088935,30,23.0,3102964.0,5273905,3046408,17148637,14674621,2199667,4971179,3375316,6330558,11107926,7941628,6390103,10628987
2023-07-01,90614120,31,20.5,2923036.0,5237596,3771514,16856751,13672799,2188054,4757178,3074198,6262608,10465014,7696296,6070926,10561186
2023-08-01,97603548,31,18.0,3148502.0,5461764,5055243,17747956,15379593,2254322,5098072,3143510,6720736,10665120,8334520,6682632,11060080
2023-09-01,95458911,30,18.1,3181964.0,5327160,5229059,16924376,14172435,2309668,5436635,3514200,6656174,10572727,7829042,6399421,11088014
2023-10-01,97568900,31,17.0,3147384.0,5852076,5682524,17053698,14593847,2404773,4502018,3704475,7689649,10511454,8262398,6233683,11078305
2023-11-01,93718684,30,13.6,3123956.0,5730270,5499995,16864055,13726279,2147218,5071928,3385151,7375387,10054556,7812368,5759546,10291931
2023-12-01,90759617,31,17.1,2927730.0,5368615,5038275,15768999,12582310,2014426,5017945,3161824,6484464,10411733,7236693,5967288,11707045
2024-01-01,88383838,31,17.3,2851092.0,5153246,5282604,15311804,13251390,1879839,4795711,3105016,6441051,10467899,6177384,5829021,10688873
2024-02-01,92368691,29,13.0,3185127.0,4709387,8063523,15627325,14048220,2015806,4959732,3295090,6865640,10166595,6115876,5831499,10669998
2024-03-01,90667167,31,13.0,2924747.0,4928853,8222493,15573546,12627236,1985648,4973878,3192723,6816353,10193964,6000717,5697704,10454052
2024-04-01,96878736,30,13.0,3229291.0,4984805,8841572,16950817,14521199,1958816,5090184,3292796,7405079,10499677,6526203,5938439,10869149
2024-05-01,101016462,31,13.0,3258596.0,5114312,9212681,18504581,15244945,2126812,5242154,3399483,7484805,10830917,6651482,5996968,11207322
2024-06-01,94248064,30,13.5,3141602.0,5095446,8739834,17627936,13941126,1979943,4757283,3101634,6842349,10142563,6121020,5532828,10366102
2024-07-01,95493323,31,13.1,3080430.0,5428425,9001536,18034286,13794824,2023799,4763854,3036276,7134767,10234515,6327306,5485165,10228570
2024-08-01,100871754,31,13.0,3253928.0,5662644,9530600,18739806,15195934,2152545,5072585,3175771,7338893,10652713,6548275,5834091,10967897
2024-09-01,99805237,30,9.4,3326841.0,5791891,9415681,17985012,15049784,2094519,5156920,3303707,7200044,10366233,6845056,5919700,10676690
2024-10-01,109754842,31,7.1,3540479.0,6868918,10210606,20070432,16153237,2323579,5240017,3539918,7974063,10919824,8256513,6865979,11331756
2024-11-01,103368953,30,7.1,3445632.0,6799772,9629848,18984759,15045982,2133163,4944528,3279981,7406817,10253219,7747588,6545581,10597715
2024-12-01,99002046,31,7.0,3193614.0,7261371,8879624,18822731,13441918,2184163,4642630,3086409,6696974,9884032,7314658,6206267,10581269
2025-01-01,96554069,31,7.1,3114647.0,6668024,9007837,17494644,13920810,1926167,4498709,3040919,7076907,9465133,7527562,6078213,9849144
2025-02-01,94273723,28,7.0,3366919.0,6136113,8903259,16955886,13972210,1842651,4455658,3058219,6936524,9046879,7316675,5937087,9712562
2025-03-01,104863384,31,7.1,3382690.0,6959292,9987461,18715569,15511434,2084681,5048732,3444650,7685660,10078609,8133946,6414748,10798602
2025-04-01,97589918,30,5.9,3252997.0,7165508,9308659,17539026,14035569,1907319,4565789,3082307,7224153,9306049,7639790,5898651,9917098
2025-05-01,104309186,31,3.6,3364812.0,10128450,9858114,17762024,14813974,2020889,4741924,3264807,7304076,9828086,7913228,6374879,10298735
2025-06-01,100152730,30,3.3,3338424.0,10160625,9527293,17292607,13601994,1973184,4512585,3125568,7051086,9340476,7621057,5962004,9984251
2025-07-01,103165584,31,3.0,3327922.0,10948356,9795776,18132782,13842364,2010482,4453573,3057684,7354220,9652607,7855739,6194160,9867841
2025-08-01,105741529,31,3.0,3411017.0,11298301,9868806,18135109,14964150,2015946,4514312,3097670,7334342,9754044,7904667,6665475,10188707
2025-09-01,105273705,30,3.1,3509124.0,10851880,10185287,17545383,14813541,2071098,4814840,3304908,7457476,9662160,7876123,6486008,10205001
2025-10-01,115572139,31,3.0,3728134.0,11971662,10976194,19835624,15567869,2400737,5130647,3580596,8234139,10747735,8772736,6950303,11403897
2025-11-01,120635447,30,1.4,4021182.0,14160303,11352133,19998495,16142966,2541905,5325120,3583166,8302557,11175397,8494497,7421771,12137137
2025-12-01,107239178,31,0.2,3459328.0,13607053,9859603,17597239,13875267,2302534,4682308,3195797,6969376,10099796,7427672,6666840,10955693
2026-01-01,100789164,31,1.4,3251263.0,12992290,9660137,16339623,13536705,2001558,4388663,2930187,6586004,9450216,6941470,6393374,9568937
2026-02-01,98627598,28,1.2,3522414.0,12394876,9533153,15358070,13835470,1910618,4450687,3005330,6407752,9105617,6781452,6215447,9629126
2026-03-01,107426886,31,2.2,3465383.0,14001224,10382234,16403973,14866593,2050855,4849697,3287396,7050075,10113690,7494604,6749774,10176771
2026-04-01,100380478,30,2.3,3346016.0,13383253,9710249,15318463,13192657,1934118,4516650,2983773,6536548,9386361,7196967,6417934,9803505
2026-05-01,103936258,31,4.4,3352783.0,13878711,10202200,14371001,13924005,2015757,4752722,3156270,6994110,9740307,7655884,6788417,10456874
2026-06-01,101605071,30,2.4,3386836.0,14149960,9888185,13887591,13594426,1981743,4371281,2966916,7085373,9745456,7217157,6654863,10062120
2026-07-01,103731688,31,0.0,3346183.0,14357334,9976277,16589417,13189910,2001096,4227575,2872564,7264797,9508198,7419924,6461139,9863457
