mes,cve_alcaldia,alcaldia,afluencia,estaciones
2010-01-01,09002,Azcapotzalco,3015978,8
2010-01-01,09003,Coyoacán,6196819,5
2010-01-01,09005,Gustavo A. Madero,12936033,20
2010-01-01,09006,Iztacalco,6720177,7
2010-01-01,09007,Iztapalapa,7844516,13
2010-01-01,09010,Álvaro Obregón,3583222,3
2010-01-01,09014,Benito Juárez,7897240,14
2010-01-01,09015,Cuauhtémoc,28473705,33
2010-01-01,09016,Miguel Hidalgo,8336737,13
2010-01-01,09017,Venustiano Carranza,16361664,22
2010-02-01,09002,Azcapotzalco,3146921,8
2010-02-01,09003,Coyoacán,6816626,5
2010-02-01,09005,Gustavo A. Madero,14083494,20
2010-02-01,09006,Iztacalco,6839438,7
2010-02-01,09007,Iztapalapa,8120043,13
2010-02-01,09010,Álvaro Obregón,3667292,3
2010-02-01,09014,Benito Juárez,8232493,14
2010-02-01,09015,Cuauhtémoc,28449675,33
2010-02-01,09016,Miguel Hidalgo,8691980,13
2010-02-01,09017,Venustiano Carranza,16763305,22
2010-03-01,09002,Azcapotzalco,3605427,8
2010-03-01,09003,Coyoacán,7847051,5
2010-03-01,09005,Gustavo A. Madero,15288105,20
2010-03-01,09006,Iztacalco,7899533,7
2010-03-01,09007,Iztapalapa,8862907,13
2010-03-01,09010,Álvaro Obregón,4059755,3
2010-03-01,09014,Benito Juárez,9154045,14
2010-03-01,09015,Cuauhtémoc,32145158,33
2010-03-01,09016,Miguel Hidalgo,9631365,13
2010-03-01,09017,Venustiano Carranza,18798078,22
2010-04-01,09002,Azcapotzalco,3366313,8
2010-04-01,09003,Coyoacán,7573754,5
2010-04-01,09005,Gustavo A. Madero,14200106,20
2010-04-01,09006,Iztacalco,7420776,7
2010-04-01,09007,Iztapalapa,8501704,13
2010-04-01,09010,Álvaro Obregón,3606452,3
2010-04-01,09014,Benito Juárez,8484442,14
2010-04-01,09015,Cuauhtémoc,30121578,33
2010-04-01,09016,Miguel Hidalgo,9063748,13
2010-04-01,09017,Venustiano Carranza,17733103,22
2010-05-01,09002,Azcapotzalco,3425960,8
2010-05-01,09003,Coyoacán,7809164,5
2010-05-01,09005,Gustavo A. Madero,14848162,20
2010-05-01,09006,Iztacalco,7576674,7
2010-05-01,09007,Iztapalapa,8692403,13
2010-05-01,09010,Álvaro Obregón,3795863,3
2010-05-01,09014,Benito Juárez,9160226,14
2010-05-01,09015,Cuauhtémoc,32442380,33
2010-05-01,09016,Miguel Hidalgo,9765076,13
2010-05-01,09017,Venustiano Carranza,18889948,22
2010-06-01,09002,Azcapotzalco,3428664,8
2010-06-01,09003,Coyoacán,7387652,5
2010-06-01,09005,Gustavo A. Madero,13908372,20
2010-06-01,09006,Iztacalco,7369045,7
2010-06-01,09007,Iztapalapa,8554604,13
2010-06-01,09010,Álvaro Obregón,3776477,3
2010-06-01,09014,Benito Juárez,8988166,14
2010-06-01,09015,Cuauhtémoc,32166268,33
2010-06-01,09016,Miguel Hidalgo,9743483,13
2010-06-01,09017,Venustiano Carranza,18241426,22
2010-07-01,09002,Azcapotzalco,3260236,8
2010-07-01,09003,Coyoacán,6924947,5
2010-07-01,09005,Gustavo A. Madero,13966849,20
2010-07-01,09006,Iztacalco,7123801,7
2010-07-01,09007,Iztapalapa,8957656,13
2010-07-01,09010,Álvaro Obregón,3878489,3
2010-07-01,09014,Benito Juárez,8709155,14
2010-07-01,09015,Cuauhtémoc,32372209,33
2010-07-01,09016,Miguel Hidalgo,9225144,13
2010-07-01,09017,Venustiano Carranza,18501980,22
2010-08-01,09002,Azcapotzalco,3851305,8
2010-08-01,09003,Coyoacán,8143164,5
2010-08-01,09005,Gustavo A. Madero,16221343,20
2010-08-01,09006,Iztacalco,7790924,7
2010-08-01,09007,Iztapalapa,9754844,13
2010-08-01,09010,Álvaro Obregón,4194168,3
2010-08-01,09014,Benito Juárez,9467927,14
2010-08-01,09015,Cuauhtémoc,34056332,33
2010-08-01,09016,Miguel Hidalgo,10354049,13
2010-08-01,09017,Venustiano Carranza,19527449,22
2010-09-01,09002,Azcapotzalco,3653637,8
2010-09-01,09003,Coyoacán,7715569,5
2010-09-01,09005,Gustavo A. Madero,14604509,20
2010-09-01,09006,Iztacalco,6873689,7
2010-09-01,09007,Iztapalapa,8966529,13
2010-09-01,09010,Álvaro Obregón,3527209,3
2010-09-01,09014,Benito Juárez,8617169,14
2010-09-01,09015,Cuauhtémoc,30917760,33
2010-09-01,09016,Miguel Hidalgo,9537304,13
2010-09-01,09017,Venustiano Carranza,17406815,22
2010-10-01,09002,Azcapotzalco,4159583,8
2010-10-01,09003,Coyoacán,8788436,5
2010-10-01,09005,Gustavo A. Madero,16219985,20
2010-10-01,09006,Iztacalco,7112343,7
2010-10-01,09007,Iztapalapa,9878379,13
2010-10-01,09010,Álvaro Obregón,4158521,3
2010-10-01,09014,Benito Juárez,9530980,14
2010-10-01,09015,Cuauhtémoc,35295291,33
2010-10-01,09016,Miguel Hidalgo,11384647,13
2010-10-01,09017,Venustiano Carranza,19234381,22
2010-11-01,09002,Azcapotzalco,3926389,8
2010-11-01,09003,Coyoacán,8114541,5
2010-11-01,09005,Gustavo A. Madero,15025613,20
2010-11-01,09006,Iztacalco,7355535,7
2010-11-01,09007,Iztapalapa,9347233,13
2010-11-01,09010,Álvaro Obregón,3849593,3
2010-11-01,09014,Benito Juárez,9289877,14
2010-11-01,09015,Cuauhtémoc,33134650,33
2010-11-01,09016,Miguel Hidalgo,10353166,13
2010-11-01,09017,Venustiano Carranza,19374917,22
2010-12-01,09002,Azcapotzalco,3611664,8
2010-12-01,09003,Coyoacán,7038914,5
2010-12-01,09005,Gustavo A. Madero,14857360,20
2010-12-01,09006,Iztacalco,7450564,7
2010-12-01,09007,Iztapalapa,9429428,13
2010-12-01,09010,Álvaro Obregón,3895085,3
2010-12-01,09014,Benito Juárez,8832762,14
2010-12-01,09015,Cuauhtémoc,34172851,33
2010-12-01,09016,Miguel Hidalgo,9856759,13
2010-12-01,09017,Venustiano Carranza,20468341,22
2011-01-01,09002,Azcapotzalco,4093064,8
2011-01-01,09003,Coyoacán,7669877,5
2011-01-01,09005,Gustavo A. Madero,13677507,20
2011-01-01,09006,Iztacalco,6559309,7
2011-01-01,09007,Iztapalapa,9870848,13
2011-01-01,09010,Álvaro Obregón,3961879,3
2011-01-01,09014,Benito Juárez,10389806,14
2011-01-01,09015,Cuauhtémoc,31949722,33
2011-01-01,09016,Miguel Hidalgo,10982778,13
2011-01-01,09017,Venustiano Carranza,17474015,22
2011-02-01,09002,Azcapotzalco,3954881,8
2011-02-01,09003,Coyoacán,7594484,5
2011-02-01,09005,Gustavo A. Madero,13389400,20
2011-02-01,09006,Iztacalco,5846561,7
2011-02-01,09007,Iztapalapa,9637560,13
2011-02-01,09010,Álvaro Obregón,3733979,3
2011-02-01,09014,Benito Juárez,10124460,14
2011-02-01,09015,Cuauhtémoc,29998568,33
2011-02-01,09016,Miguel Hidalgo,10721211,13
2011-02-01,09017,Venustiano Carranza,16258834,22
2011-03-01,09002,Azcapotzalco,4384950,8
2011-03-01,09003,Coyoacán,8491599,5
2011-03-01,09005,Gustavo A. Madero,14622522,20
2011-03-01,09006,Iztacalco,6565211,7
2011-03-01,09007,Iztapalapa,10643718,13
2011-03-01,09010,Álvaro Obregón,4150547,3
2011-03-01,09014,Benito Juárez,11330628,14
2011-03-01,09015,Cuauhtémoc,33132585,33
2011-03-01,09016,Miguel Hidalgo,11868910,13
2011-03-01,09017,Venustiano Carranza,18016819,22
2011-04-01,09002,Azcapotzalco,3848569,8
2011-04-01,09003,Coyoacán,7571915,5
2011-04-01,09005,Gustavo A. Madero,13158210,20
2011-04-01,09006,Iztacalco,6004601,7
2011-04-01,09007,Iztapalapa,9715734,13
2011-04-01,09010,Álvaro Obregón,3833168,3
2011-04-01,09014,Benito Juárez,9871047,14
2011-04-01,09015,Cuauhtémoc,29350043,33
2011-04-01,09016,Miguel Hidalgo,10449650,13
2011-04-01,09017,Venustiano Carranza,16677849,22
2011-05-01,09002,Azcapotzalco,4252112,8
2011-05-01,09003,Coyoacán,8433468,5
2011-05-01,09005,Gustavo A. Madero,14430419,20
2011-05-01,09006,Iztacalco,6547408,7
2011-05-01,09007,Iztapalapa,10377856,13
2011-05-01,09010,Álvaro Obregón,4154570,3
2011-05-01,09014,Benito Juárez,11154452,14
2011-05-01,09015,Cuauhtémoc,32775938,33
2011-05-01,09016,Miguel Hidalgo,11781678,13
2011-05-01,09017,Venustiano Carranza,18079886,22
2011-06-01,09002,Azcapotzalco,4014189,8
2011-06-01,09003,Coyoacán,7936278,5
2011-06-01,09005,Gustavo A. Madero,13571279,20
2011-06-01,09006,Iztacalco,6128332,7
2011-06-01,09007,Iztapalapa,9911978,13
2011-06-01,09010,Álvaro Obregón,3972862,3
2011-06-01,09014,Benito Juárez,10745867,14
2011-06-01,09015,Cuauhtémoc,31785634,33
2011-06-01,09016,Miguel Hidalgo,11232902,13
2011-06-01,09017,Venustiano Carranza,17241738,22
2011-07-01,09002,Azcapotzalco,3884391,8
2011-07-01,09003,Coyoacán,7715299,5
2011-07-01,09005,Gustavo A. Madero,13494371,20
2011-07-01,09006,Iztacalco,6108011,7
2011-07-01,09007,Iztapalapa,9865377,13
2011-07-01,09010,Álvaro Obregón,4061608,3
2011-07-01,09014,Benito Juárez,10444216,14
2011-07-01,09015,Cuauhtémoc,31943933,33
2011-07-01,09016,Miguel Hidalgo,11075851,13
2011-07-01,09017,Venustiano Carranza,17696200,22
2011-08-01,09002,Azcapotzalco,4483736,8
2011-08-01,09003,Coyoacán,8964232,5
2011-08-01,09005,Gustavo A. Madero,15282131,20
2011-08-01,09006,Iztacalco,6727554,7
2011-08-01,09007,Iztapalapa,10675988,13
2011-08-01,09010,Álvaro Obregón,4291182,3
2011-08-01,09014,Benito Juárez,11542688,14
2011-08-01,09015,Cuauhtémoc,34411311,33
2011-08-01,09016,Miguel Hidalgo,12346340,13
2011-08-01,09017,Venustiano Carranza,18839257,22
2011-09-01,09002,Azcapotzalco,4293956,8
2011-09-01,09003,Coyoacán,8170845,5
2011-09-01,09005,Gustavo A. Madero,14339152,20
2011-09-01,09006,Iztacalco,6334756,7
2011-09-01,09007,Iztapalapa,10164189,13
2011-09-01,09010,Álvaro Obregón,3969829,3
2011-09-01,09014,Benito Juárez,10777580,14
2011-09-01,09015,Cuauhtémoc,31849949,33
2011-09-01,09016,Miguel Hidalgo,11534328,13
2011-09-01,09017,Venustiano Carranza,17686129,22
2011-10-01,09002,Azcapotzalco,4632310,8
2011-10-01,09003,Coyoacán,8707544,5
2011-10-01,09005,Gustavo A. Madero,15377346,20
2011-10-01,09006,Iztacalco,6769488,7
2011-10-01,09007,Iztapalapa,10807715,13
2011-10-01,09010,Álvaro Obregón,4049720,3
2011-10-01,09014,Benito Juárez,11765555,14
2011-10-01,09015,Cuauhtémoc,34793243,33
2011-10-01,09016,Miguel Hidalgo,12324016,13
2011-10-01,09017,Venustiano Carranza,19273821,22
2011-11-01,09002,Azcapotzalco,4331190,8
2011-11-01,09003,Coyoacán,8279337,5
2011-11-01,09005,Gustavo A. Madero,14533349,20
2011-11-01,09006,Iztacalco,6386945,7
2011-11-01,09007,Iztapalapa,10344947,13
2011-11-01,09010,Álvaro Obregón,3875181,3
2011-11-01,09014,Benito Juárez,11330629,14
2011-11-01,09015,Cuauhtémoc,33530046,33
2011-11-01,09016,Miguel Hidalgo,11824165,13
2011-11-01,09017,Venustiano Carranza,18087711,22
2011-12-01,09002,Azcapotzalco,4126223,8
2011-12-01,09003,Coyoacán,8097412,5
2011-12-01,09005,Gustavo A. Madero,14528468,20
2011-12-01,09006,Iztacalco,6308223,7
2011-12-01,09007,Iztapalapa,10474705,13
2011-12-01,09010,Álvaro Obregón,4028367,3
2011-12-01,09014,Benito Juárez,10990250,14
2011-12-01,09015,Cuauhtémoc,34469033,33
2011-12-01,09016,Miguel Hidalgo,11627650,13
2011-12-01,09017,Venustiano Carranza,19220435,22
2012-01-01,09002,Azcapotzalco,4220450,8
2012-01-01,09003,Coyoacán,8186047,5
2012-01-01,09005,Gustavo A. Madero,14334454,20
2012-01-01,09006,Iztacalco,7357085,7
2012-01-01,09007,Iztapalapa,9867520,13
2012-01-01,09010,Álvaro Obregón,3986440,3
2012-01-01,09014,Benito Juárez,9987097,14
2012-01-01,09015,Cuauhtémoc,31742031,33
2012-01-01,09016,Miguel Hidalgo,10843757,13
2012-01-01,09017,Venustiano Carranza,17901741,22
2012-02-01,09002,Azcapotzalco,4268524,8
2012-02-01,09003,Coyoacán,8400699,5
2012-02-01,09005,Gustavo A. Madero,14225203,20
2012-02-01,09006,Iztacalco,7394875,7
2012-02-01,09007,Iztapalapa,9705133,13
2012-02-01,09010,Álvaro Obregón,3855123,3
2012-02-01,09014,Benito Juárez,9895517,14
2012-02-01,09015,Cuauhtémoc,30836953,33
2012-02-01,09016,Miguel Hidalgo,10772050,13
2012-02-01,09017,Venustiano Carranza,17122219,22
2012-03-01,09002,Azcapotzalco,4707723,8
2012-03-01,09003,Coyoacán,9561599,5
2012-03-01,09005,Gustavo A. Madero,14771594,20
2012-03-01,09006,Iztacalco,7880594,7
2012-03-01,09007,Iztapalapa,9417041,13
2012-03-01,09010,Álvaro Obregón,3962218,3
2012-03-01,09014,Benito Juárez,10200358,14
2012-03-01,09015,Cuauhtémoc,32316192,33
2012-03-01,09016,Miguel Hidalgo,13129464,13
2012-03-01,09017,Venustiano Carranza,19310305,22
2012-04-01,09002,Azcapotzalco,4130286,8
2012-04-01,09003,Coyoacán,8481705,5
2012-04-01,09005,Gustavo A. Madero,13153218,20
2012-04-01,09006,Iztacalco,6938738,7
2012-04-01,09007,Iztapalapa,8533183,13
2012-04-01,09010,Álvaro Obregón,3630792,3
2012-04-01,09014,Benito Juárez,8752587,14
2012-04-01,09015,Cuauhtémoc,29018718,33
2012-04-01,09016,Miguel Hidalgo,11600268,13
2012-04-01,09017,Venustiano Carranza,17717968,22
2012-05-01,09002,Azcapotzalco,4726154,8
2012-05-01,09003,Coyoacán,9466869,5
2012-05-01,09005,Gustavo A. Madero,14426308,20
2012-05-01,09006,Iztacalco,7809004,7
2012-05-01,09007,Iztapalapa,9516554,13
2012-05-01,09010,Álvaro Obregón,3960943,3
2012-05-01,09014,Benito Juárez,10166839,14
2012-05-01,09015,Cuauhtémoc,32481711,33
2012-05-01,09016,Miguel Hidalgo,13244128,13
2012-05-01,09017,Venustiano Carranza,19380087,22
2012-06-01,09002,Azcapotzalco,4161842,8
2012-06-01,09003,Coyoacán,8505857,5
2012-06-01,09005,Gustavo A. Madero,13133501,20
2012-06-01,09006,Iztacalco,6890679,7
2012-06-01,09007,Iztapalapa,8977733,13
2012-06-01,09010,Álvaro Obregón,3598074,3
2012-06-01,09014,Benito Juárez,9291185,14
2012-06-01,09015,Cuauhtémoc,29825139,33
2012-06-01,09016,Miguel Hidalgo,11879986,13
2012-06-01,09017,Venustiano Carranza,17705459,22
2012-07-01,09002,Azcapotzalco,4295321,8
2012-07-01,09003,Coyoacán,8834010,5
2012-07-01,09005,Gustavo A. Madero,13433074,20
2012-07-01,09006,Iztacalco,6832068,7
2012-07-01,09007,Iztapalapa,8288398,13
2012-07-01,09010,Álvaro Obregón,3848375,3
2012-07-01,09014,Benito Juárez,9567772,14
2012-07-01,09015,Cuauhtémoc,31399420,33
2012-07-01,09016,Miguel Hidalgo,12416117,13
2012-07-01,09017,Venustiano Carranza,19011511,22
2012-08-01,09002,Azcapotzalco,4835527,8
2012-08-01,09003,Coyoacán,9717911,5
2012-08-01,09005,Gustavo A. Madero,15492712,20
2012-08-01,09006,Iztacalco,7454430,7
2012-08-01,09007,Iztapalapa,8762642,13
2012-08-01,09010,Álvaro Obregón,4020779,3
2012-08-01,09014,Benito Juárez,10643096,14
2012-08-01,09015,Cuauhtémoc,33571544,33
2012-08-01,09016,Miguel Hidalgo,13368848,13
2012-08-01,09017,Venustiano Carranza,20056319,22
2012-09-01,09002,Azcapotzalco,4582618,8
2012-09-01,09003,Coyoacán,8928606,5
2012-09-01,09005,Gustavo A. Madero,14650576,20
2012-09-01,09006,Iztacalco,7453958,7
2012-09-01,09007,Iztapalapa,9183209,13
2012-09-01,09010,Álvaro Obregón,3797519,3
2012-09-01,09014,Benito Juárez,10129900,14
2012-09-01,09015,Cuauhtémoc,31946650,33
2012-09-01,09016,Miguel Hidalgo,12728081,13
2012-09-01,09017,Venustiano Carranza,18811520,22
2012-10-01,09002,Azcapotzalco,4927108,8
2012-10-01,09003,Coyoacán,9944002,5
2012-10-01,09005,Gustavo A. Madero,15666018,20
2012-10-01,09006,Iztacalco,8108895,7
2012-10-01,09007,Iztapalapa,9746298,13
2012-10-01,09010,Álvaro Obregón,3988031,3
2012-10-01,09014,Benito Juárez,10854774,14
2012-10-01,09015,Cuauhtémoc,33955228,33
2012-10-01,09016,Miguel Hidalgo,13721596,13
2012-10-01,09017,Venustiano Carranza,20004250,22
2012-11-01,09002,Azcapotzalco,4122920,8
2012-11-01,09003,Coyoacán,8689083,6
2012-11-01,09005,Gustavo A. Madero,14316497,20
2012-11-01,09006,Iztacalco,8650500,7
2012-11-01,09007,Iztapalapa,10172278,19
2012-11-01,09010,Álvaro Obregón,4211704,3
2012-11-01,09011,Tláhuac,1605414,5
2012-11-01,09014,Benito Juárez,11157947,18
2012-11-01,09015,Cuauhtémoc,32888090,33
2012-11-01,09016,Miguel Hidalgo,10937658,13
2012-11-01,09017,Venustiano Carranza,18701712,22
2012-12-01,09002,Azcapotzalco,3583687,8
2012-12-01,09003,Coyoacán,7347207,6
2012-12-01,09005,Gustavo A. Madero,13598118,20
2012-12-01,09006,Iztacalco,7945213,7
2012-12-01,09007,Iztapalapa,10220331,19
2012-12-01,09010,Álvaro Obregón,4012871,3
2012-12-01,09011,Tláhuac,1809416,5
2012-12-01,09014,Benito Juárez,10256422,18
2012-12-01,09015,Cuauhtémoc,32716627,33
2012-12-01,09016,Miguel Hidalgo,9837043,13
2012-12-01,09017,Venustiano Carranza,19212416,22
2013-01-01,09002,Azcapotzalco,3845679,8
2013-01-01,09003,Coyoacán,7967831,6
2013-01-01,09005,Gustavo A. Madero,13910555,20
2013-01-01,09006,Iztacalco,8231219,7
2013-01-01,09007,Iztapalapa,10646775,19
2013-01-01,09010,Álvaro Obregón,4152660,3
2013-01-01,09011,Tláhuac,1866970,5
2013-01-01,09014,Benito Juárez,11175119,18
2013-01-01,09015,Cuauhtémoc,32534470,33
2013-01-01,09016,Miguel Hidalgo,10500202,13
2013-01-01,09017,Venustiano Carranza,18505957,22
2013-02-01,09002,Azcapotzalco,3829556,8
2013-02-01,09003,Coyoacán,8104300,6
2013-02-01,09005,Gustavo A. Madero,13472088,20
2013-02-01,09006,Iztacalco,8211491,7
2013-02-01,09007,Iztapalapa,10236525,19
2013-02-01,09010,Álvaro Obregón,3855969,3
2013-02-01,09011,Tláhuac,1852846,5
2013-02-01,09014,Benito Juárez,10717430,18
2013-02-01,09015,Cuauhtémoc,30462714,33
2013-02-01,09016,Miguel Hidalgo,9761212,13
2013-02-01,09017,Venustiano Carranza,17235745,22
2013-03-01,09002,Azcapotzalco,3837381,8
2013-03-01,09003,Coyoacán,8106691,6
2013-03-01,09005,Gustavo A. Madero,13822463,20
2013-03-01,09006,Iztacalco,8215872,7
2013-03-01,09007,Iztapalapa,10611872,19
2013-03-01,09010,Álvaro Obregón,3959852,3
2013-03-01,09011,Tláhuac,1986774,5
2013-03-01,09014,Benito Juárez,10923620,18
2013-03-01,09015,Cuauhtémoc,31399114,33
2013-03-01,09016,Miguel Hidalgo,9951385,13
2013-03-01,09017,Venustiano Carranza,17964648,22
2013-04-01,09002,Azcapotzalco,4236944,8
2013-04-01,09003,Coyoacán,8778631,6
2013-04-01,09005,Gustavo A. Madero,14699147,20
2013-04-01,09006,Iztacalco,8884971,7
2013-04-01,09007,Iztapalapa,11065069,19
2013-04-01,09010,Álvaro Obregón,4212557,3
2013-04-01,09011,Tláhuac,2141386,5
2013-04-01,09014,Benito Juárez,11784672,18
2013-04-01,09015,Cuauhtémoc,32888876,33
2013-04-01,09016,Miguel Hidalgo,10788982,13
2013-04-01,09017,Venustiano Carranza,18577529,22
2013-05-01,09002,Azcapotzalco,4253639,8
2013-05-01,09003,Coyoacán,8512410,6
2013-05-01,09005,Gustavo A. Madero,14744357,20
2013-05-01,09006,Iztacalco,8573022,7
2013-05-01,09007,Iztapalapa,11067237,19
2013-05-01,09010,Álvaro Obregón,4247806,3
2013-05-01,09011,Tláhuac,2245575,5
2013-05-01,09014,Benito Juárez,12144161,18
2013-05-01,09015,Cuauhtémoc,33668697,33
2013-05-01,09016,Miguel Hidalgo,10813529,13
2013-05-01,09017,Venustiano Carranza,19608049,22
2013-06-01,09002,Azcapotzalco,3943055,8
2013-06-01,09003,Coyoacán,7789980,6
2013-06-01,09005,Gustavo A. Madero,13640286,20
2013-06-01,09006,Iztacalco,8007289,7
2013-06-01,09007,Iztapalapa,10643692,19
2013-06-01,09010,Álvaro Obregón,4063710,3
2013-06-01,09011,Tláhuac,2181697,5
2013-06-01,09014,Benito Juárez,11394430,18
2013-06-01,09015,Cuauhtémoc,32293319,33
2013-06-01,09016,Miguel Hidalgo,10381654,13
2013-06-01,09017,Venustiano Carranza,19037259,22
2013-07-01,09002,Azcapotzalco,3912254,8
2013-07-01,09003,Coyoacán,7609503,6
2013-07-01,09005,Gustavo A. Madero,13965164,20
2013-07-01,09006,Iztacalco,8163261,7
2013-07-01,09007,Iztapalapa,10750953,19
2013-07-01,09010,Álvaro Obregón,4245821,3
2013-07-01,09011,Tláhuac,2336912,5
2013-07-01,09014,Benito Juárez,11750976,18
2013-07-01,09015,Cuauhtémoc,33379032,33
2013-07-01,09016,Miguel Hidalgo,10552415,13
2013-07-01,09017,Venustiano Carranza,19157540,22
2013-08-01,09002,Azcapotzalco,4585241,8
2013-08-01,09003,Coyoacán,9225100,6
2013-08-01,09005,Gustavo A. Madero,15711445,20
2013-08-01,09006,Iztacalco,9023219,7
2013-08-01,09007,Iztapalapa,11830775,19
2013-08-01,09010,Álvaro Obregón,4398297,3
2013-08-01,09011,Tláhuac,2560226,5
2013-08-01,09014,Benito Juárez,12383828,18
2013-08-01,09015,Cuauhtémoc,35613918,33
2013-08-01,09016,Miguel Hidalgo,11407107,13
2013-08-01,09017,Venustiano Carranza,20494921,22
2013-09-01,09002,Azcapotzalco,4352946,8
2013-09-01,09003,Coyoacán,8544370,6
2013-09-01,09005,Gustavo A. Madero,14682934,20
2013-09-01,09006,Iztacalco,8322868,7
2013-09-01,09007,Iztapalapa,11139527,19
2013-09-01,09010,Álvaro Obregón,4112457,3
2013-09-01,09011,Tláhuac,2489868,5
2013-09-01,09014,Benito Juárez,11546411,18
2013-09-01,09015,Cuauhtémoc,32571253,33
2013-09-01,09016,Miguel Hidalgo,10621795,13
2013-09-01,09017,Venustiano Carranza,19368810,22
2013-10-01,09002,Azcapotzalco,4833862,8
2013-10-01,09003,Coyoacán,9691205,6
2013-10-01,09005,Gustavo A. Madero,16079492,20
2013-10-01,09006,Iztacalco,9258027,7
2013-10-01,09007,Iztapalapa,12605998,19
2013-10-01,09010,Álvaro Obregón,4495668,3
2013-10-01,09011,Tláhuac,2772765,5
2013-10-01,09014,Benito Juárez,13064667,18
2013-10-01,09015,Cuauhtémoc,35858560,33
2013-10-01,09016,Miguel Hidalgo,11746860,13
2013-10-01,09017,Venustiano Carranza,20312752,22
2013-11-01,09002,Azcapotzalco,4519603,8
2013-11-01,09003,Coyoacán,8804209,6
2013-11-01,09005,Gustavo A. Madero,15027311,20
2013-11-01,09006,Iztacalco,9379013,7
2013-11-01,09007,Iztapalapa,11980595,19
2013-11-01,09010,Álvaro Obregón,4258927,3
2013-11-01,09011,Tláhuac,2616828,5
2013-11-01,09014,Benito Juárez,12195155,18
2013-11-01,09015,Cuauhtémoc,35116647,33
2013-11-01,09016,Miguel Hidalgo,11422305,13
2013-11-01,09017,Venustiano Carranza,19812063,22
2013-12-01,09002,Azcapotzalco,3870047,8
2013-12-01,09003,Coyoacán,7013322,6
2013-12-01,09005,Gustavo A. Madero,13835982,20
2013-12-01,09006,Iztacalco,6041039,7
2013-12-01,09007,Iztapalapa,10690037,19
2013-12-01,09010,Álvaro Obregón,4086215,3
2013-12-01,09011,Tláhuac,2307371,5
2013-12-01,09014,Benito Juárez,10726615,18
2013-12-01,09015,Cuauhtémoc,32671642,33
2013-12-01,09016,Miguel Hidalgo,10012884,13
2013-12-01,09017,Venustiano Carranza,19066789,22
2014-01-01,09002,Azcapotzalco,4014994,8
2014-01-01,09003,Coyoacán,7996157,6
2014-01-01,09005,Gustavo A. Madero,13919423,20
2014-01-01,09006,Iztacalco,7898149,7
2014-01-01,09007,Iztapalapa,10598172,19
2014-01-01,09010,Álvaro Obregón,4104828,3
2014-01-01,09011,Tláhuac,2350094,5
2014-01-01,09014,Benito Juárez,11232730,18
2014-01-01,09015,Cuauhtémoc,31939406,33
2014-01-01,09016,Miguel Hidalgo,10306615,13
2014-01-01,09017,Venustiano Carranza,18436572,22
2014-02-01,09002,Azcapotzalco,3881462,8
2014-02-01,09003,Coyoacán,8073499,6
2014-02-01,09005,Gustavo A. Madero,13448927,20
2014-02-01,09006,Iztacalco,7582414,7
2014-02-01,09007,Iztapalapa,10048586,19
2014-02-01,09010,Álvaro Obregón,3839831,3
2014-02-01,09011,Tláhuac,2311317,5
2014-02-01,09014,Benito Juárez,10774201,18
2014-02-01,09015,Cuauhtémoc,29346762,33
2014-02-01,09016,Miguel Hidalgo,9952019,13
2014-02-01,09017,Venustiano Carranza,16890841,22
2014-03-01,09002,Azcapotzalco,4226031,8
2014-03-01,09003,Coyoacán,8887922,6
2014-03-01,09005,Gustavo A. Madero,14471479,20
2014-03-01,09006,Iztacalco,8301808,7
2014-03-01,09007,Iztapalapa,10335848,19
2014-03-01,09010,Álvaro Obregón,4237810,3
2014-03-01,09011,Tláhuac,877174,5
2014-03-01,09014,Benito Juárez,11471584,18
2014-03-01,09015,Cuauhtémoc,32078241,33
2014-03-01,09016,Miguel Hidalgo,10869916,13
2014-03-01,09017,Venustiano Carranza,18697126,22
2014-04-01,09002,Azcapotzalco,3857498,8
2014-04-01,09003,Coyoacán,7954722,6
2014-04-01,09005,Gustavo A. Madero,13376399,20
2014-04-01,09006,Iztacalco,7573014,7
2014-04-01,09007,Iztapalapa,9469066,19
2014-04-01,09010,Álvaro Obregón,3868143,3
2014-04-01,09011,Tláhuac,0,5
2014-04-01,09014,Benito Juárez,10503953,18
2014-04-01,09015,Cuauhtémoc,29950419,33
2014-04-01,09016,Miguel Hidalgo,9808459,13
2014-04-01,09017,Venustiano Carranza,17758939,22
2014-05-01,09002,Azcapotzalco,4228669,8
2014-05-01,09003,Coyoacán,8547545,6
2014-05-01,09005,Gustavo A. Madero,14137731,20
2014-05-01,09006,Iztacalco,8262012,7
2014-05-01,09007,Iztapalapa,10230140,19
2014-05-01,09010,Álvaro Obregón,4034143,3
2014-05-01,09011,Tláhuac,0,5
2014-05-01,09014,Benito Juárez,11380362,18
2014-05-01,09015,Cuauhtémoc,33000515,33
2014-05-01,09016,Miguel Hidalgo,10745082,13
2014-05-01,09017,Venustiano Carranza,18788454,22
2014-06-01,09002,Azcapotzalco,3912587,8
2014-06-01,09003,Coyoacán,7805990,6
2014-06-01,09005,Gustavo A. Madero,13165442,20
2014-06-01,09006,Iztacalco,7969080,7
2014-06-01,09007,Iztapalapa,9803698,19
2014-06-01,09010,Álvaro Obregón,3963932,3
2014-06-01,09011,Tláhuac,0,5
2014-06-01,09014,Benito Juárez,10970647,18
2014-06-01,09015,Cuauhtémoc,31742031,33
2014-06-01,09016,Miguel Hidalgo,10085872,13
2014-06-01,09017,Venustiano Carranza,17568166,22
2014-07-01,09002,Azcapotzalco,3926939,8
2014-07-01,09003,Coyoacán,7721460,6
2014-07-01,09005,Gustavo A. Madero,13477086,20
2014-07-01,09006,Iztacalco,8567399,7
2014-07-01,09007,Iztapalapa,10014110,19
2014-07-01,09010,Álvaro Obregón,4226597,3
2014-07-01,09011,Tláhuac,0,5
2014-07-01,09014,Benito Juárez,11311331,18
2014-07-01,09015,Cuauhtémoc,33217702,33
2014-07-01,09016,Miguel Hidalgo,10372352,13
2014-07-01,09017,Venustiano Carranza,18520933,22
2014-08-01,09002,Azcapotzalco,4261722,8
2014-08-01,09003,Coyoacán,9015198,6
2014-08-01,09005,Gustavo A. Madero,14841693,20
2014-08-01,09006,Iztacalco,8894721,7
2014-08-01,09007,Iztapalapa,10318993,19
2014-08-01,09010,Álvaro Obregón,4320539,3
2014-08-01,09011,Tláhuac,0,5
2014-08-01,09014,Benito Juárez,11492770,18
2014-08-01,09015,Cuauhtémoc,34019873,33
2014-08-01,09016,Miguel Hidalgo,10992240,13
2014-08-01,09017,Venustiano Carranza,19621136,22
2014-09-01,09002,Azcapotzalco,4327731,8
2014-09-01,09003,Coyoacán,8675270,6
2014-09-01,09005,Gustavo A. Madero,14261549,20
2014-09-01,09006,Iztacalco,9716914,7
2014-09-01,09007,Iztapalapa,10417260,19
2014-09-01,09010,Álvaro Obregón,4093984,3
2014-09-01,09011,Tláhuac,0,5
2014-09-01,09014,Benito Juárez,11168788,18
2014-09-01,09015,Cuauhtémoc,33735544,33
2014-09-01,09016,Miguel Hidalgo,11136976,13
2014-09-01,09017,Venustiano Carranza,19029443,22
2014-10-01,09002,Azcapotzalco,4458301,8
2014-10-01,09003,Coyoacán,9489732,6
2014-10-01,09005,Gustavo A. Madero,14690542,20
2014-10-01,09006,Iztacalco,9516327,7
2014-10-01,09007,Iztapalapa,10591284,19
2014-10-01,09010,Álvaro Obregón,4400008,3
2014-10-01,09011,Tláhuac,0,5
2014-10-01,09014,Benito Juárez,12244470,18
2014-10-01,09015,Cuauhtémoc,34854429,33
2014-10-01,09016,Miguel Hidalgo,11268051,13
2014-10-01,09017,Venustiano Carranza,19611190,22
2014-11-01,09002,Azcapotzalco,3997167,8
2014-11-01,09003,Coyoacán,8594804,6
2014-11-01,09005,Gustavo A. Madero,13564997,20
2014-11-01,09006,Iztacalco,8528187,7
2014-11-01,09007,Iztapalapa,9886279,19
2014-11-01,09010,Álvaro Obregón,3863391,3
2014-11-01,09011,Tláhuac,0,5
2014-11-01,09014,Benito Juárez,11587153,18
2014-11-01,09015,Cuauhtémoc,32730015,33
2014-11-01,09016,Miguel Hidalgo,10270276,13
2014-11-01,09017,Venustiano Carranza,18214469,22
2014-12-01,09002,Azcapotzalco,3780012,8
2014-12-01,09003,Coyoacán,7638371,6
2014-12-01,09005,Gustavo A. Madero,13485331,20
2014-12-01,09006,Iztacalco,8386188,7
2014-12-01,09007,Iztapalapa,9772442,19
2014-12-01,09010,Álvaro Obregón,4041489,3
2014-12-01,09011,Tláhuac,0,5
2014-12-01,09014,Benito Juárez,10721265,18
2014-12-01,09015,Cuauhtémoc,33872208,33
2014-12-01,09016,Miguel Hidalgo,10135619,13
2014-12-01,09017,Venustiano Carranza,19432422,22
2015-01-01,09002,Azcapotzalco,4101435,8
2015-01-01,09003,Coyoacán,8317984,6
2015-01-01,09005,Gustavo A. Madero,14007204,20
2015-01-01,09006,Iztacalco,8656693,7
2015-01-01,09007,Iztapalapa,10142526,19
2015-01-01,09010,Álvaro Obregón,4136668,3
2015-01-01,09011,Tláhuac,0,5
2015-01-01,09014,Benito Juárez,11428274,18
2015-01-01,09015,Cuauhtémoc,32768128,33
2015-01-01,09016,Miguel Hidalgo,10466630,13
2015-01-01,09017,Venustiano Carranza,18759805,22
2015-02-01,09002,Azcapotzalco,4055365,8
2015-02-01,09003,Coyoacán,8337900,6
2015-02-01,09005,Gustavo A. Madero,13273826,20
2015-02-01,09006,Iztacalco,8330103,7
2015-02-01,09007,Iztapalapa,9857728,19
2015-02-01,09010,Álvaro Obregón,3867594,3
2015-02-01,09011,Tláhuac,0,5
2015-02-01,09014,Benito Juárez,11160499,18
2015-02-01,09015,Cuauhtémoc,30049549,33
2015-02-01,09016,Miguel Hidalgo,10083265,13
2015-02-01,09017,Venustiano Carranza,17262548,22
2015-03-01,09002,Azcapotzalco,4359561,8
2015-03-01,09003,Coyoacán,8949397,6
2015-03-01,09005,Gustavo A. Madero,14559003,20
2015-03-01,09006,Iztacalco,9133864,7
2015-03-01,09007,Iztapalapa,10392972,19
2015-03-01,09010,Álvaro Obregón,4208158,3
2015-03-01,09011,Tláhuac,0,5
2015-03-01,09014,Benito Juárez,11686106,18
2015-03-01,09015,Cuauhtémoc,32873354,33
2015-03-01,09016,Miguel Hidalgo,10848274,13
2015-03-01,09017,Venustiano Carranza,18748846,22
2015-04-01,09002,Azcapotzalco,3974334,8
2015-04-01,09003,Coyoacán,8361423,6
2015-04-01,09005,Gustavo A. Madero,13757749,20
2015-04-01,09006,Iztacalco,8405799,7
2015-04-01,09007,Iztapalapa,9589923,19
2015-04-01,09010,Álvaro Obregón,3938714,3
2015-04-01,09011,Tláhuac,0,5
2015-04-01,09014,Benito Juárez,10795292,18
2015-04-01,09015,Cuauhtémoc,30873096,33
2015-04-01,09016,Miguel Hidalgo,10178638,13
2015-04-01,09017,Venustiano Carranza,17898392,22
2015-05-01,09002,Azcapotzalco,4188318,8
2015-05-01,09003,Coyoacán,8489860,6
2015-05-01,09005,Gustavo A. Madero,14214544,20
2015-05-01,09006,Iztacalco,8963023,7
2015-05-01,09007,Iztapalapa,9961738,19
2015-05-01,09010,Álvaro Obregón,4187972,3
2015-05-01,09011,Tláhuac,0,5
2015-05-01,09014,Benito Juárez,11334762,18
2015-05-01,09015,Cuauhtémoc,32823049,33
2015-05-01,09016,Miguel Hidalgo,10750527,13
2015-05-01,09017,Venustiano Carranza,18663216,22
2015-06-01,09002,Azcapotzalco,4232317,8
2015-06-01,09003,Coyoacán,8157737,6
2015-06-01,09005,Gustavo A. Madero,14044987,20
2015-06-01,09006,Iztacalco,8869382,7
2015-06-01,09007,Iztapalapa,9603909,19
2015-06-01,09010,Álvaro Obregón,4160888,3
2015-06-01,09011,Tláhuac,0,5
2015-06-01,09014,Benito Juárez,11380255,18
2015-06-01,09015,Cuauhtémoc,32455201,33
2015-06-01,09016,Miguel Hidalgo,11058328,13
2015-06-01,09017,Venustiano Carranza,18640548,22
2015-07-01,09002,Azcapotzalco,4162893,8
2015-07-01,09003,Coyoacán,7758004,6
2015-07-01,09005,Gustavo A. Madero,14156851,20
2015-07-01,09006,Iztacalco,8826900,7
2015-07-01,09007,Iztapalapa,9276243,19
2015-07-01,09010,Álvaro Obregón,4250870,3
2015-07-01,09011,Tláhuac,0,5
2015-07-01,09014,Benito Juárez,11313868,18
2015-07-01,09015,Cuauhtémoc,33323900,33
2015-07-01,09016,Miguel Hidalgo,10840368,13
2015-07-01,09017,Venustiano Carranza,19293720,22
2015-08-01,09002,Azcapotzalco,4242793,8
2015-08-01,09003,Coyoacán,8697292,6
2015-08-01,09005,Gustavo A. Madero,14305231,20
2015-08-01,09006,Iztacalco,9055093,7
2015-08-01,09007,Iztapalapa,9484585,19
2015-08-01,09010,Álvaro Obregón,4244656,3
2015-08-01,09011,Tláhuac,0,5
2015-08-01,09014,Benito Juárez,11281801,18
2015-08-01,09015,Cuauhtémoc,33749715,33
2015-08-01,09016,Miguel Hidalgo,10489731,13
2015-08-01,09017,Venustiano Carranza,19591012,22
2015-09-01,09002,Azcapotzalco,4319670,8
2015-09-01,09003,Coyoacán,8517722,6
2015-09-01,09005,Gustavo A. Madero,14335712,20
2015-09-01,09006,Iztacalco,9015521,7
2015-09-01,09007,Iztapalapa,9833184,19
2015-09-01,09010,Álvaro Obregón,4012266,3
2015-09-01,09011,Tláhuac,0,5
2015-09-01,09014,Benito Juárez,10985705,18
2015-09-01,09015,Cuauhtémoc,31785203,33
2015-09-01,09016,Miguel Hidalgo,10855733,13
2015-09-01,09017,Venustiano Carranza,18477500,22
2015-10-01,09002,Azcapotzalco,4876436,8
2015-10-01,09003,Coyoacán,9395277,6
2015-10-01,09005,Gustavo A. Madero,15246326,20
2015-10-01,09006,Iztacalco,9527528,7
2015-10-01,09007,Iztapalapa,10870748,19
2015-10-01,09010,Álvaro Obregón,4474957,3
2015-10-01,09011,Tláhuac,0,5
2015-10-01,09014,Benito Juárez,12138027,18
2015-10-01,09015,Cuauhtémoc,34223997,33
2015-10-01,09016,Miguel Hidalgo,11835307,13
2015-10-01,09017,Venustiano Carranza,19954286,22
2015-11-01,09002,Azcapotzalco,4380352,8
2015-11-01,09003,Coyoacán,8624845,6
2015-11-01,09005,Gustavo A. Madero,13978616,20
2015-11-01,09006,Iztacalco,8905575,7
2015-11-01,09007,Iztapalapa,11324758,19
2015-11-01,09010,Álvaro Obregón,4237166,3
2015-11-01,09011,Tláhuac,64890,5
2015-11-01,09014,Benito Juárez,11381683,18
2015-11-01,09015,Cuauhtémoc,32276634,33
2015-11-01,09016,Miguel Hidalgo,10756274,13
2015-11-01,09017,Venustiano Carranza,18458485,22
2015-12-01,09002,Azcapotzalco,4140652,8
2015-12-01,09003,Coyoacán,7525676,6
2015-12-01,09005,Gustavo A. Madero,13747825,20
2015-12-01,09006,Iztacalco,8581473,7
2015-12-01,09007,Iztapalapa,11080655,19
2015-12-01,09010,Álvaro Obregón,4203332,3
2015-12-01,09011,Tláhuac,2023151,5
2015-12-01,09014,Benito Juárez,11182410,18
2015-12-01,09015,Cuauhtémoc,33948108,33
2015-12-01,09016,Miguel Hidalgo,10430565,13
2015-12-01,09017,Venustiano Carranza,19519262,22
2016-01-01,09002,Azcapotzalco,4059995,8
2016-01-01,09003,Coyoacán,7539177,6
2016-01-01,09005,Gustavo A. Madero,13151635,20
2016-01-01,09006,Iztacalco,8402212,7
2016-01-01,09007,Iztapalapa,10769066,19
2016-01-01,09010,Álvaro Obregón,4036119,3
2016-01-01,09011,Tláhuac,2064595,5
2016-01-01,09014,Benito Juárez,11046556,18
2016-01-01,09015,Cuauhtémoc,32049544,33
2016-01-01,09016,Miguel Hidalgo,10185752,13
2016-01-01,09017,Venustiano Carranza,17914758,22
2016-02-01,09002,Azcapotzalco,4245485,8
2016-02-01,09003,Coyoacán,8288588,6
2016-02-01,09005,Gustavo A. Madero,13413652,20
2016-02-01,09006,Iztacalco,8592241,7
2016-02-01,09007,Iztapalapa,11278032,19
2016-02-01,09010,Álvaro Obregón,4058119,3
2016-02-01,09011,Tláhuac,2264634,5
2016-02-01,09014,Benito Juárez,11687482,18
2016-02-01,09015,Cuauhtémoc,30822342,33
2016-02-01,09016,Miguel Hidalgo,10514120,13
2016-02-01,09017,Venustiano Carranza,17500819,22
2016-03-01,09002,Azcapotzalco,3810081,8
2016-03-01,09003,Coyoacán,7392695,6
2016-03-01,09005,Gustavo A. Madero,12210858,20
2016-03-01,09006,Iztacalco,7754309,7
2016-03-01,09007,Iztapalapa,10352295,19
2016-03-01,09010,Álvaro Obregón,3697044,3
2016-03-01,09011,Tláhuac,2148093,5
2016-03-01,09014,Benito Juárez,10170779,18
2016-03-01,09015,Cuauhtémoc,28398101,33
2016-03-01,09016,Miguel Hidalgo,9481610,13
2016-03-01,09017,Venustiano Carranza,16317763,22
2016-04-01,09002,Azcapotzalco,4523972,8
2016-04-01,09003,Coyoacán,9011131,6
2016-04-01,09005,Gustavo A. Madero,13891868,20
2016-04-01,09006,Iztacalco,8892362,7
2016-04-01,09007,Iztapalapa,11656582,19
2016-04-01,09010,Álvaro Obregón,4326182,3
2016-04-01,09011,Tláhuac,2485485,5
2016-04-01,09014,Benito Juárez,12219532,18
2016-04-01,09015,Cuauhtémoc,32844621,33
2016-04-01,09016,Miguel Hidalgo,11282478,13
2016-04-01,09017,Venustiano Carranza,18630475,22
2016-05-01,09002,Azcapotzalco,4526505,8
2016-05-01,09003,Coyoacán,8594259,6
2016-05-01,09005,Gustavo A. Madero,14114511,20
2016-05-01,09006,Iztacalco,8779791,7
2016-05-01,09007,Iztapalapa,11740832,19
2016-05-01,09010,Álvaro Obregón,4422406,3
2016-05-01,09011,Tláhuac,2504503,5
2016-05-01,09014,Benito Juárez,12034016,18
2016-05-01,09015,Cuauhtémoc,32841859,33
2016-05-01,09016,Miguel Hidalgo,11113446,13
2016-05-01,09017,Venustiano Carranza,18879933,22
2016-06-01,09002,Azcapotzalco,4293735,8
2016-06-01,09003,Coyoacán,8215899,6
2016-06-01,09005,Gustavo A. Madero,13478126,20
2016-06-01,09006,Iztacalco,9095679,7
2016-06-01,09007,Iztapalapa,11287292,19
2016-06-01,09010,Álvaro Obregón,4294782,3
2016-06-01,09011,Tláhuac,2436036,5
2016-06-01,09014,Benito Juárez,12079608,18
2016-06-01,09015,Cuauhtémoc,32972769,33
2016-06-01,09016,Miguel Hidalgo,11076049,13
2016-06-01,09017,Venustiano Carranza,18370246,22
2016-07-01,09002,Azcapotzalco,3847602,8
2016-07-01,09003,Coyoacán,7380441,6
2016-07-01,09005,Gustavo A. Madero,12400355,20
2016-07-01,09006,Iztacalco,8429724,7
2016-07-01,09007,Iztapalapa,10635664,19
2016-07-01,09010,Álvaro Obregón,4246202,3
2016-07-01,09011,Tláhuac,2334757,5
2016-07-01,09014,Benito Juárez,10979248,18
2016-07-01,09015,Cuauhtémoc,31777132,33
2016-07-01,09016,Miguel Hidalgo,10259412,13
2016-07-01,09017,Venustiano Carranza,18051742,22
2016-08-01,09002,Azcapotzalco,4472868,8
2016-08-01,09003,Coyoacán,8914341,6
2016-08-01,09005,Gustavo A. Madero,14408034,20
2016-08-01,09006,Iztacalco,9218829,7
2016-08-01,09007,Iztapalapa,12192111,19
2016-08-01,09010,Álvaro Obregón,4536539,3
2016-08-01,09011,Tláhuac,2745827,5
2016-08-01,09014,Benito Juárez,12422581,18
2016-08-01,09015,Cuauhtémoc,34490209,33
2016-08-01,09016,Miguel Hidalgo,11643971,13
2016-08-01,09017,Venustiano Carranza,19254418,22
2016-09-01,09002,Azcapotzalco,4282876,8
2016-09-01,09003,Coyoacán,8357103,6
2016-09-01,09005,Gustavo A. Madero,13847677,20
2016-09-01,09006,Iztacalco,8893122,7
2016-09-01,09007,Iztapalapa,11913469,19
2016-09-01,09010,Álvaro Obregón,4215873,3
2016-09-01,09011,Tláhuac,2700468,5
2016-09-01,09014,Benito Juárez,11995203,18
2016-09-01,09015,Cuauhtémoc,32093857,33
2016-09-01,09016,Miguel Hidalgo,11273705,13
2016-09-01,09017,Venustiano Carranza,17980311,22
2016-10-01,09002,Azcapotzalco,4627496,8
2016-10-01,09003,Coyoacán,9070899,6
2016-10-01,09005,Gustavo A. Madero,14581620,20
2016-10-01,09006,Iztacalco,9378778,7
2016-10-01,09007,Iztapalapa,12492968,19
2016-10-01,09010,Álvaro Obregón,4455216,3
2016-10-01,09011,Tláhuac,2893298,5
2016-10-01,09014,Benito Juárez,12759657,18
2016-10-01,09015,Cuauhtémoc,34145572,33
2016-10-01,09016,Miguel Hidalgo,11879891,13
2016-10-01,09017,Venustiano Carranza,19230022,22
2016-11-01,09002,Azcapotzalco,4402684,8
2016-11-01,09003,Coyoacán,8641514,6
2016-11-01,09005,Gustavo A. Madero,13682007,20
2016-11-01,09006,Iztacalco,8971312,7
2016-11-01,09007,Iztapalapa,12027029,19
2016-11-01,09010,Álvaro Obregón,4218322,3
2016-11-01,09011,Tláhuac,2790230,5
2016-11-01,09014,Benito Juárez,12181030,18
2016-11-01,09015,Cuauhtémoc,33188056,33
2016-11-01,09016,Miguel Hidalgo,11197333,13
2016-11-01,09017,Venustiano Carranza,18285778,22
2016-12-01,09002,Azcapotzalco,4031525,8
2016-12-01,09003,Coyoacán,7775996,6
2016-12-01,09005,Gustavo A. Madero,13707375,20
2016-12-01,09006,Iztacalco,8668441,7
2016-12-01,09007,Iztapalapa,11968391,19
2016-12-01,09010,Álvaro Obregón,4225562,3
2016-12-01,09011,Tláhuac,2784676,5
2016-12-01,09014,Benito Juárez,11659596,18
2016-12-01,09015,Cuauhtémoc,33966925,33
2016-12-01,09016,Miguel Hidalgo,10599364,13
2016-12-01,09017,Venustiano Carranza,19334833,22
2017-01-01,09002,Azcapotzalco,4144353,8
2017-01-01,09003,Coyoacán,7782622,6
2017-01-01,09005,Gustavo A. Madero,13351346,20
2017-01-01,09006,Iztacalco,8662668,7
2017-01-01,09007,Iztapalapa,11396959,19
2017-01-01,09010,Álvaro Obregón,4144895,3
2017-01-01,09011,Tláhuac,2774365,5
2017-01-01,09014,Benito Juárez,11786019,18
2017-01-01,09015,Cuauhtémoc,31758774,33
2017-01-01,09016,Miguel Hidalgo,10554756,13
2017-01-01,09017,Venustiano Carranza,17324228,22
2017-02-01,09002,Azcapotzalco,4053132,8
2017-02-01,09003,Coyoacán,8216722,6
2017-02-01,09005,Gustavo A. Madero,12830764,20
2017-02-01,09006,Iztacalco,8422360,7
2017-02-01,09007,Iztapalapa,11201298,19
2017-02-01,09010,Álvaro Obregón,3911093,3
2017-02-01,09011,Tláhuac,2666125,5
2017-02-01,09014,Benito Juárez,11527542,18
2017-02-01,09015,Cuauhtémoc,29542061,33
2017-02-01,09016,Miguel Hidalgo,10347477,13
2017-02-01,09017,Venustiano Carranza,16324322,22
2017-03-01,09002,Azcapotzalco,4639246,8
2017-03-01,09003,Coyoacán,9188895,6
2017-03-01,09005,Gustavo A. Madero,14665695,20
2017-03-01,09006,Iztacalco,9495393,7
2017-03-01,09007,Iztapalapa,12445102,19
2017-03-01,09010,Álvaro Obregón,4450727,3
2017-03-01,09011,Tláhuac,3081335,5
2017-03-01,09014,Benito Juárez,12852662,18
2017-03-01,09015,Cuauhtémoc,33209615,33
2017-03-01,09016,Miguel Hidalgo,11557959,13
2017-03-01,09017,Venustiano Carranza,18175198,22
2017-04-01,09002,Azcapotzalco,3885163,8
2017-04-01,09003,Coyoacán,7640640,6
2017-04-01,09005,Gustavo A. Madero,12733428,20
2017-04-01,09006,Iztacalco,8172585,7
2017-04-01,09007,Iztapalapa,10938468,19
2017-04-01,09010,Álvaro Obregón,3965223,3
2017-04-01,09011,Tláhuac,2687672,5
2017-04-01,09014,Benito Juárez,10879589,18
2017-04-01,09015,Cuauhtémoc,29471100,33
2017-04-01,09016,Miguel Hidalgo,9848822,13
2017-04-01,09017,Venustiano Carranza,16374357,22
2017-05-01,09002,Azcapotzalco,4348878,8
2017-05-01,09003,Coyoacán,8667443,6
2017-05-01,09005,Gustavo A. Madero,13877111,20
2017-05-01,09006,Iztacalco,8954416,7
2017-05-01,09007,Iztapalapa,12009407,19
2017-05-01,09010,Álvaro Obregón,4393951,3
2017-05-01,09011,Tláhuac,2977282,5
2017-05-01,09014,Benito Juárez,12450459,18
2017-05-01,09015,Cuauhtémoc,32146475,33
2017-05-01,09016,Miguel Hidalgo,11059410,13
2017-05-01,09017,Venustiano Carranza,18132460,22
2017-06-01,09002,Azcapotzalco,4091869,8
2017-06-01,09003,Coyoacán,8114048,6
2017-06-01,09005,Gustavo A. Madero,13355318,20
2017-06-01,09006,Iztacalco,8754748,7
2017-06-01,09007,Iztapalapa,11496159,19
2017-06-01,09010,Álvaro Obregón,4319630,3
2017-06-01,09011,Tláhuac,2910952,5
2017-06-01,09014,Benito Juárez,12326328,18
2017-06-01,09015,Cuauhtémoc,31982721,33
2017-06-01,09016,Miguel Hidalgo,10873366,13
2017-06-01,09017,Venustiano Carranza,18022013,22
2017-07-01,09002,Azcapotzalco,3791752,8
2017-07-01,09003,Coyoacán,7386724,6
2017-07-01,09005,Gustavo A. Madero,12669664,20
2017-07-01,09006,Iztacalco,8492836,7
2017-07-01,09007,Iztapalapa,11236711,19
2017-07-01,09010,Álvaro Obregón,4334795,3
2017-07-01,09011,Tláhuac,2828291,5
2017-07-01,09014,Benito Juárez,11635992,18
2017-07-01,09015,Cuauhtémoc,31707708,33
2017-07-01,09016,Miguel Hidalgo,10389660,13
2017-07-01,09017,Venustiano Carranza,18143685,22
2017-08-01,09002,Azcapotzalco,4395786,8
2017-08-01,09003,Coyoacán,9095349,6
2017-08-01,09005,Gustavo A. Madero,14451633,20
2017-08-01,09006,Iztacalco,8773788,7
2017-08-01,09007,Iztapalapa,11925214,19
2017-08-01,09010,Álvaro Obregón,4600826,3
2017-08-01,09011,Tláhuac,3122839,5
2017-08-01,09014,Benito Juárez,12645290,18
2017-08-01,09015,Cuauhtémoc,33373990,33
2017-08-01,09016,Miguel Hidalgo,11388545,13
2017-08-01,09017,Venustiano Carranza,18970214,22
2017-09-01,09002,Azcapotzalco,3003489,8
2017-09-01,09003,Coyoacán,5938409,6
2017-09-01,09005,Gustavo A. Madero,9625607,20
2017-09-01,09006,Iztacalco,5819083,7
2017-09-01,09007,Iztapalapa,8150423,19
2017-09-01,09010,Álvaro Obregón,2995903,3
2017-09-01,09011,Tláhuac,2011801,5
2017-09-01,09014,Benito Juárez,8332333,18
2017-09-01,09015,Cuauhtémoc,21583491,33
2017-09-01,09016,Miguel Hidalgo,7590477,13
2017-09-01,09017,Venustiano Carranza,12632483,22
2017-10-01,09002,Azcapotzalco,4561972,8
2017-10-01,09003,Coyoacán,9285531,6
2017-10-01,09005,Gustavo A. Madero,14285998,20
2017-10-01,09006,Iztacalco,8870165,7
2017-10-01,09007,Iztapalapa,12669418,19
2017-10-01,09010,Álvaro Obregón,4457885,3
2017-10-01,09011,Tláhuac,1870858,5
2017-10-01,09014,Benito Juárez,12596013,18
2017-10-01,09015,Cuauhtémoc,32747839,33
2017-10-01,09016,Miguel Hidalgo,11566735,13
2017-10-01,09017,Venustiano Carranza,18957077,22
2017-11-01,09002,Azcapotzalco,4325622,8
2017-11-01,09003,Coyoacán,8848858,6
2017-11-01,09005,Gustavo A. Madero,13707789,20
2017-11-01,09006,Iztacalco,8435275,7
2017-11-01,09007,Iztapalapa,12386085,19
2017-11-01,09010,Álvaro Obregón,4256520,3
2017-11-01,09011,Tláhuac,2943454,5
2017-11-01,09014,Benito Juárez,12473206,18
2017-11-01,09015,Cuauhtémoc,32444857,33
2017-11-01,09016,Miguel Hidalgo,11053485,13
2017-11-01,09017,Venustiano Carranza,18268823,22
2017-12-01,09002,Azcapotzalco,3874242,8
2017-12-01,09003,Coyoacán,7878362,6
2017-12-01,09005,Gustavo A. Madero,13221004,20
2017-12-01,09006,Iztacalco,7996356,7
2017-12-01,09007,Iztapalapa,11649176,19
2017-12-01,09010,Álvaro Obregón,4045740,3
2017-12-01,09011,Tláhuac,2904386,5
2017-12-01,09014,Benito Juárez,11690746,18
2017-12-01,09015,Cuauhtémoc,32050660,33
2017-12-01,09016,Miguel Hidalgo,10011150,13
2017-12-01,09017,Venustiano Carranza,18612612,22
2018-01-01,09002,Azcapotzalco,4029001,8
2018-01-01,09003,Coyoacán,8067256,6
2018-01-01,09005,Gustavo A. Madero,13094330,20
2018-01-01,09006,Iztacalco,8233245,7
2018-01-01,09007,Iztapalapa,11399693,19
2018-01-01,09010,Álvaro Obregón,4095255,3
2018-01-01,09011,Tláhuac,2912828,5
2018-01-01,09014,Benito Juárez,12116940,18
2018-01-01,09015,Cuauhtémoc,30700985,33
2018-01-01,09016,Miguel Hidalgo,10060775,13
2018-01-01,09017,Venustiano Carranza,17502921,22
2018-02-01,09002,Azcapotzalco,4074227,8
2018-02-01,09003,Coyoacán,8335561,6
2018-02-01,09005,Gustavo A. Madero,12962471,20
2018-02-01,09006,Iztacalco,8131057,7
2018-02-01,09007,Iztapalapa,11081074,19
2018-02-01,09010,Álvaro Obregón,3946646,3
2018-02-01,09011,Tláhuac,2577427,5
2018-02-01,09014,Benito Juárez,11473862,18
2018-02-01,09015,Cuauhtémoc,28945806,33
2018-02-01,09016,Miguel Hidalgo,9869740,13
2018-02-01,09017,Venustiano Carranza,16587448,22
2018-03-01,09002,Azcapotzalco,4106261,8
2018-03-01,09003,Coyoacán,8542430,6
2018-03-01,09005,Gustavo A. Madero,13460448,20
2018-03-01,09006,Iztacalco,8516209,7
2018-03-01,09007,Iztapalapa,12212927,19
2018-03-01,09010,Álvaro Obregón,4137841,3
2018-03-01,09011,Tláhuac,3065433,5
2018-03-01,09014,Benito Juárez,12084559,18
2018-03-01,09015,Cuauhtémoc,30261674,33
2018-03-01,09016,Miguel Hidalgo,10331352,13
2018-03-01,09017,Venustiano Carranza,17328105,22
2018-04-01,09002,Azcapotzalco,4339240,8
2018-04-01,09003,Coyoacán,8785373,6
2018-04-01,09005,Gustavo A. Madero,13683366,20
2018-04-01,09006,Iztacalco,8445084,7
2018-04-01,09007,Iztapalapa,12404261,19
2018-04-01,09010,Álvaro Obregón,4240287,3
2018-04-01,09011,Tláhuac,3113004,5
2018-04-01,09014,Benito Juárez,12188281,18
2018-04-01,09015,Cuauhtémoc,30413420,33
2018-04-01,09016,Miguel Hidalgo,10490803,13
2018-04-01,09017,Venustiano Carranza,17440404,22
2018-05-01,09002,Azcapotzalco,4344073,8
2018-05-01,09003,Coyoacán,8776125,6
2018-05-01,09005,Gustavo A. Madero,13733659,20
2018-05-01,09006,Iztacalco,8695119,7
2018-05-01,09007,Iztapalapa,12711449,19
2018-05-01,09010,Álvaro Obregón,4438610,3
2018-05-01,09011,Tláhuac,3236541,5
2018-05-01,09014,Benito Juárez,12560293,18
2018-05-01,09015,Cuauhtémoc,31090950,33
2018-05-01,09016,Miguel Hidalgo,10741927,13
2018-05-01,09017,Venustiano Carranza,18086445,22
2018-06-01,09002,Azcapotzalco,4227178,8
2018-06-01,09003,Coyoacán,7901028,6
2018-06-01,09005,Gustavo A. Madero,12909456,20
2018-06-01,09006,Iztacalco,8056814,7
2018-06-01,09007,Iztapalapa,12341031,19
2018-06-01,09010,Álvaro Obregón,4294020,3
2018-06-01,09011,Tláhuac,3115369,5
2018-06-01,09014,Benito Juárez,12088194,18
2018-06-01,09015,Cuauhtémoc,30302864,33
2018-06-01,09016,Miguel Hidalgo,10537921,13
2018-06-01,09017,Venustiano Carranza,17437894,22
2018-07-01,09002,Azcapotzalco,3929752,8
2018-07-01,09003,Coyoacán,7371651,6
2018-07-01,09005,Gustavo A. Madero,12588900,20
2018-07-01,09006,Iztacalco,8169521,7
2018-07-01,09007,Iztapalapa,11880481,19
2018-07-01,09010,Álvaro Obregón,4277597,3
2018-07-01,09011,Tláhuac,3040330,5
2018-07-01,09014,Benito Juárez,11892448,18
2018-07-01,09015,Cuauhtémoc,30218511,33
2018-07-01,09016,Miguel Hidalgo,10148172,13
2018-07-01,09017,Venustiano Carranza,17508502,22
2018-08-01,09002,Azcapotzalco,4494259,8
2018-08-01,09003,Coyoacán,9083681,6
2018-08-01,09005,Gustavo A. Madero,14434158,20
2018-08-01,09006,Iztacalco,9093298,7
2018-08-01,09007,Iztapalapa,13106887,19
2018-08-01,09010,Álvaro Obregón,4398616,3
2018-08-01,09011,Tláhuac,3438772,5
2018-08-01,09014,Benito Juárez,13062389,18
2018-08-01,09015,Cuauhtémoc,32627636,33
2018-08-01,09016,Miguel Hidalgo,11170061,13
2018-08-01,09017,Venustiano Carranza,18935807,22
2018-09-01,09002,Azcapotzalco,4157993,8
2018-09-01,09003,Coyoacán,8293464,6
2018-09-01,09005,Gustavo A. Madero,13578347,20
2018-09-01,09006,Iztacalco,8449620,7
2018-09-01,09007,Iztapalapa,12200581,19
2018-09-01,09010,Álvaro Obregón,4226630,3
2018-09-01,09011,Tláhuac,3267122,5
2018-09-01,09014,Benito Juárez,12238325,18
2018-09-01,09015,Cuauhtémoc,30351052,33
2018-09-01,09016,Miguel Hidalgo,10608534,13
2018-09-01,09017,Venustiano Carranza,17461136,22
2018-10-01,09002,Azcapotzalco,4739317,8
2018-10-01,09003,Coyoacán,9267895,6
2018-10-01,09005,Gustavo A. Madero,14549296,20
2018-10-01,09006,Iztacalco,9659419,7
2018-10-01,09007,Iztapalapa,13472521,19
2018-10-01,09010,Álvaro Obregón,4691843,3
2018-10-01,09011,Tláhuac,3602061,5
2018-10-01,09014,Benito Juárez,13574466,18
2018-10-01,09015,Cuauhtémoc,33201567,33
2018-10-01,09016,Miguel Hidalgo,11798992,13
2018-10-01,09017,Venustiano Carranza,18983581,22
2018-11-01,09002,Azcapotzalco,4200551,8
2018-11-01,09003,Coyoacán,8155493,6
2018-11-01,09005,Gustavo A. Madero,13322911,20
2018-11-01,09006,Iztacalco,9132095,7
2018-11-01,09007,Iztapalapa,12708982,19
2018-11-01,09010,Álvaro Obregón,4146773,3
2018-11-01,09011,Tláhuac,3205276,5
2018-11-01,09014,Benito Juárez,12099515,18
2018-11-01,09015,Cuauhtémoc,30880197,33
2018-11-01,09016,Miguel Hidalgo,10718782,13
2018-11-01,09017,Venustiano Carranza,17897146,22
2018-12-01,09002,Azcapotzalco,3562422,8
2018-12-01,09003,Coyoacán,7007293,6
2018-12-01,09005,Gustavo A. Madero,12510049,20
2018-12-01,09006,Iztacalco,8449125,7
2018-12-01,09007,Iztapalapa,12034144,19
2018-12-01,09010,Álvaro Obregón,3990998,3
2018-12-01,09011,Tláhuac,3127556,5
2018-12-01,09014,Benito Juárez,11286348,18
2018-12-01,09015,Cuauhtémoc,30932433,33
2018-12-01,09016,Miguel Hidalgo,9792926,13
2018-12-01,09017,Venustiano Carranza,18105629,22
2019-01-01,09002,Azcapotzalco,4138963,8
2019-01-01,09003,Coyoacán,7980497,6
2019-01-01,09005,Gustavo A. Madero,13121665,20
2019-01-01,09006,Iztacalco,5215775,7
2019-01-01,09007,Iztapalapa,12727796,19
2019-01-01,09010,Álvaro Obregón,4303299,3
2019-01-01,09011,Tláhuac,3375698,5
2019-01-01,09014,Benito Juárez,12373428,18
2019-01-01,09015,Cuauhtémoc,30879722,33
2019-01-01,09016,Miguel Hidalgo,10646516,13
2019-01-01,09017,Venustiano Carranza,16630720,22
2019-02-01,09002,Azcapotzalco,3877359,8
2019-02-01,09003,Coyoacán,7481475,6
2019-02-01,09005,Gustavo A. Madero,12284056,20
2019-02-01,09006,Iztacalco,4875337,7
2019-02-01,09007,Iztapalapa,12180215,19
2019-02-01,09010,Álvaro Obregón,3940812,3
2019-02-01,09011,Tláhuac,3256102,5
2019-02-01,09014,Benito Juárez,11658239,18
2019-02-01,09015,Cuauhtémoc,28720092,33
2019-02-01,09016,Miguel Hidalgo,10110475,13
2019-02-01,09017,Venustiano Carranza,15375821,22
2019-03-01,09002,Azcapotzalco,4077378,8
2019-03-01,09003,Coyoacán,7921555,6
2019-03-01,09005,Gustavo A. Madero,13183663,20
2019-03-01,09006,Iztacalco,5254737,7
2019-03-01,09007,Iztapalapa,12752728,19
2019-03-01,09010,Álvaro Obregón,4193334,3
2019-03-01,09011,Tláhuac,3416068,5
2019-03-01,09014,Benito Juárez,11910034,18
2019-03-01,09015,Cuauhtémoc,30676982,33
2019-03-01,09016,Miguel Hidalgo,10612713,13
2019-03-01,09017,Venustiano Carranza,16707034,22
2019-04-01,09002,Azcapotzalco,3593501,8
2019-04-01,09003,Coyoacán,7173275,6
2019-04-01,09005,Gustavo A. Madero,12010308,20
2019-04-01,09006,Iztacalco,4784214,7
2019-04-01,09007,Iztapalapa,11839737,19
2019-04-01,09010,Álvaro Obregón,3944444,3
2019-04-01,09011,Tláhuac,3205827,5
2019-04-01,09014,Benito Juárez,10867537,18
2019-04-01,09015,Cuauhtémoc,28056706,33
2019-04-01,09016,Miguel Hidalgo,9471976,13
2019-04-01,09017,Venustiano Carranza,15670717,22
2019-05-01,09002,Azcapotzalco,4413662,8
2019-05-01,09003,Coyoacán,8542300,6
2019-05-01,09005,Gustavo A. Madero,13766400,20
2019-05-01,09006,Iztacalco,5521814,7
2019-05-01,09007,Iztapalapa,13339183,19
2019-05-01,09010,Álvaro Obregón,4474777,3
2019-05-01,09011,Tláhuac,3698441,5
2019-05-01,09014,Benito Juárez,13064434,18
2019-05-01,09015,Cuauhtémoc,32306357,33
2019-05-01,09016,Miguel Hidalgo,11504857,13
2019-05-01,09017,Venustiano Carranza,17219066,22
2019-06-01,09002,Azcapotzalco,4019016,8
2019-06-01,09003,Coyoacán,7687638,6
2019-06-01,09005,Gustavo A. Madero,12516846,20
2019-06-01,09006,Iztacalco,5154772,7
2019-06-01,09007,Iztapalapa,12544846,19
2019-06-01,09010,Álvaro Obregón,4197806,3
2019-06-01,09011,Tláhuac,3376770,5
2019-06-01,09014,Benito Juárez,11908160,18
2019-06-01,09015,Cuauhtémoc,30518211,33
2019-06-01,09016,Miguel Hidalgo,10436192,13
2019-06-01,09017,Venustiano Carranza,15966865,22
2019-07-01,09002,Azcapotzalco,4111248,8
2019-07-01,09003,Coyoacán,7632453,6
2019-07-01,09005,Gustavo A. Madero,12482127,20
2019-07-01,09006,Iztacalco,5165462,7
2019-07-01,09007,Iztapalapa,12422553,19
2019-07-01,09010,Álvaro Obregón,4197704,3
2019-07-01,09011,Tláhuac,3426571,5
2019-07-01,09014,Benito Juárez,11847411,18
2019-07-01,09015,Cuauhtémoc,30768574,33
2019-07-01,09016,Miguel Hidalgo,10520315,13
2019-07-01,09017,Venustiano Carranza,16617610,22
2019-08-01,09002,Azcapotzalco,4610795,8
2019-08-01,09003,Coyoacán,8861262,6
2019-08-01,09005,Gustavo A. Madero,14122867,20
2019-08-01,09006,Iztacalco,5651930,7
2019-08-01,09007,Iztapalapa,13583088,19
2019-08-01,09010,Álvaro Obregón,4525016,3
2019-08-01,09011,Tláhuac,3688186,5
2019-08-01,09014,Benito Juárez,12883726,18
2019-08-01,09015,Cuauhtémoc,32852065,33
2019-08-01,09016,Miguel Hidalgo,11536246,13
2019-08-01,09017,Venustiano Carranza,17387693,22
2019-09-01,09002,Azcapotzalco,4044221,8
2019-09-01,09003,Coyoacán,8004807,6
2019-09-01,09005,Gustavo A. Madero,12943649,20
2019-09-01,09006,Iztacalco,5204388,7
2019-09-01,09007,Iztapalapa,12650866,19
2019-09-01,09010,Álvaro Obregón,4186297,3
2019-09-01,09011,Tláhuac,3474923,5
2019-09-01,09014,Benito Juárez,11823113,18
2019-09-01,09015,Cuauhtémoc,30108360,33
2019-09-01,09016,Miguel Hidalgo,10593155,13
2019-09-01,09017,Venustiano Carranza,15993042,22
2019-10-01,09002,Azcapotzalco,4271521,8
2019-10-01,09003,Coyoacán,8477886,6
2019-10-01,09005,Gustavo A. Madero,13795433,20
2019-10-01,09006,Iztacalco,5576601,7
2019-10-01,09007,Iztapalapa,13343667,19
2019-10-01,09010,Álvaro Obregón,4417715,3
2019-10-01,09011,Tláhuac,3655630,5
2019-10-01,09014,Benito Juárez,12733992,18
2019-10-01,09015,Cuauhtémoc,32286426,33
2019-10-01,09016,Miguel Hidalgo,11161001,13
2019-10-01,09017,Venustiano Carranza,17173295,22
2019-11-01,09002,Azcapotzalco,4424167,8
2019-11-01,09003,Coyoacán,8444219,6
2019-11-01,09005,Gustavo A. Madero,13815002,20
2019-11-01,09006,Iztacalco,5608788,7
2019-11-01,09007,Iztapalapa,13517253,19
2019-11-01,09010,Álvaro Obregón,4388075,3
2019-11-01,09011,Tláhuac,3727452,5
2019-11-01,09014,Benito Juárez,12868180,18
2019-11-01,09015,Cuauhtémoc,32401321,33
2019-11-01,09016,Miguel Hidalgo,11235005,13
2019-11-01,09017,Venustiano Carranza,17197043,22
2019-12-01,09002,Azcapotzalco,3807157,8
2019-12-01,09003,Coyoacán,7248008,6
2019-12-01,09005,Gustavo A. Madero,12653745,20
2019-12-01,09006,Iztacalco,5070659,7
2019-12-01,09007,Iztapalapa,12511425,19
2019-12-01,09010,Álvaro Obregón,4027873,3
2019-12-01,09011,Tláhuac,3434367,5
2019-12-01,09014,Benito Juárez,11368909,18
2019-12-01,09015,Cuauhtémoc,30842053,33
2019-12-01,09016,Miguel Hidalgo,9872707,13
2019-12-01,09017,Venustiano Carranza,16935297,22
2020-01-01,09002,Azcapotzalco,4153612,8
2020-01-01,09003,Coyoacán,7595860,6
2020-01-01,09005,Gustavo A. Madero,12814923,20
2020-01-01,09006,Iztacalco,5176336,7
2020-01-01,09007,Iztapalapa,12520459,19
2020-01-01,09010,Álvaro Obregón,4188515,3
2020-01-01,09011,Tláhuac,3529372,5
2020-01-01,09014,Benito Juárez,12073196,18
2020-01-01,09015,Cuauhtémoc,30437342,33
2020-01-01,09016,Miguel Hidalgo,10417421,13
2020-01-01,09017,Venustiano Carranza,16352162,22
2020-02-01,09002,Azcapotzalco,4166834,8
2020-02-01,09003,Coyoacán,7946784,6
2020-02-01,09005,Gustavo A. Madero,12967949,20
2020-02-01,09006,Iztacalco,5164174,7
2020-02-01,09007,Iztapalapa,12663662,19
2020-02-01,09010,Álvaro Obregón,3847110,3
2020-02-01,09011,Tláhuac,3493900,5
2020-02-01,09014,Benito Juárez,11994090,18
2020-02-01,09015,Cuauhtémoc,29336712,33
2020-02-01,09016,Miguel Hidalgo,10400418,13
2020-02-01,09017,Venustiano Carranza,15725461,22
2020-03-01,09002,Azcapotzalco,3342464,8
2020-03-01,09003,Coyoacán,6126844,6
2020-03-01,09005,Gustavo A. Madero,10919495,20
2020-03-01,09006,Iztacalco,4716926,7
2020-03-01,09007,Iztapalapa,10964072,19
2020-03-01,09010,Álvaro Obregón,2803473,3
2020-03-01,09011,Tláhuac,3092609,5
2020-03-01,09014,Benito Juárez,9721106,18
2020-03-01,09015,Cuauhtémoc,24225417,33
2020-03-01,09016,Miguel Hidalgo,8250190,13
2020-03-01,09017,Venustiano Carranza,13553105,22
2020-04-01,09002,Azcapotzalco,1287769,8
2020-04-01,09003,Coyoacán,1945480,6
2020-04-01,09005,Gustavo A. Madero,4335170,20
2020-04-01,09006,Iztacalco,2000483,7
2020-04-01,09007,Iztapalapa,4677969,19
2020-04-01,09010,Álvaro Obregón,1119151,3
2020-04-01,09011,Tláhuac,1375167,5
2020-04-01,09014,Benito Juárez,3384441,18
2020-04-01,09015,Cuauhtémoc,7763425,33
2020-04-01,09016,Miguel Hidalgo,2829891,13
2020-04-01,09017,Venustiano Carranza,6004675,22
2020-05-01,09002,Azcapotzalco,1183144,8
2020-05-01,09003,Coyoacán,1732252,6
2020-05-01,09005,Gustavo A. Madero,3640511,20
2020-05-01,09006,Iztacalco,1526135,7
2020-05-01,09007,Iztapalapa,3905465,19
2020-05-01,09010,Álvaro Obregón,1054483,3
2020-05-01,09011,Tláhuac,1189109,5
2020-05-01,09014,Benito Juárez,2919467,18
2020-05-01,09015,Cuauhtémoc,6787472,33
2020-05-01,09016,Miguel Hidalgo,2358418,13
2020-05-01,09017,Venustiano Carranza,5646896,22
2020-06-01,09002,Azcapotzalco,1433516,8
2020-06-01,09003,Coyoacán,2135760,6
2020-06-01,09005,Gustavo A. Madero,4450933,20
2020-06-01,09006,Iztacalco,1901855,7
2020-06-01,09007,Iztapalapa,4788279,19
2020-06-01,09010,Álvaro Obregón,1338525,3
2020-06-01,09011,Tláhuac,1435834,5
2020-06-01,09014,Benito Juárez,3671518,18
2020-06-01,09015,Cuauhtémoc,8871584,33
2020-06-01,09016,Miguel Hidalgo,3048369,13
2020-06-01,09017,Venustiano Carranza,6907133,22
2020-07-01,09002,Azcapotzalco,1756453,8
2020-07-01,09003,Coyoacán,2819491,6
2020-07-01,09005,Gustavo A. Madero,5851692,20
2020-07-01,09006,Iztacalco,2697342,7
2020-07-01,09007,Iztapalapa,6224091,19
2020-07-01,09010,Álvaro Obregón,1707682,3
2020-07-01,09011,Tláhuac,1849961,5
2020-07-01,09014,Benito Juárez,4878748,18
2020-07-01,09015,Cuauhtémoc,12712726,33
2020-07-01,09016,Miguel Hidalgo,4278496,13
2020-07-01,09017,Venustiano Carranza,8095180,22
2020-08-01,09002,Azcapotzalco,1889447,8
2020-08-01,09003,Coyoacán,3210079,6
2020-08-01,09005,Gustavo A. Madero,6367874,20
2020-08-01,09006,Iztacalco,2948241,7
2020-08-01,09007,Iztapalapa,6801766,19
2020-08-01,09010,Álvaro Obregón,1910986,3
2020-08-01,09011,Tláhuac,2019058,5
2020-08-01,09014,Benito Juárez,5431786,18
2020-08-01,09015,Cuauhtémoc,14734329,33
2020-08-01,09016,Miguel Hidalgo,4703292,13
2020-08-01,09017,Venustiano Carranza,8695328,22
2020-09-01,09002,Azcapotzalco,1912383,8
2020-09-01,09003,Coyoacán,3255201,6
2020-09-01,09005,Gustavo A. Madero,6482326,20
2020-09-01,09006,Iztacalco,2993771,7
2020-09-01,09007,Iztapalapa,6932857,19
2020-09-01,09010,Álvaro Obregón,1957450,3
2020-09-01,09011,Tláhuac,2047466,5
2020-09-01,09014,Benito Juárez,5592497,18
2020-09-01,09015,Cuauhtémoc,14868228,33
2020-09-01,09016,Miguel Hidalgo,4943086,13
2020-09-01,09017,Venustiano Carranza,9001979,22
2020-10-01,09002,Azcapotzalco,2144302,8
2020-10-01,09003,Coyoacán,3683893,6
2020-10-01,09005,Gustavo A. Madero,7221495,20
2020-10-01,09006,Iztacalco,3338924,7
2020-10-01,09007,Iztapalapa,7619701,19
2020-10-01,09010,Álvaro Obregón,2192852,3
2020-10-01,09011,Tláhuac,2292805,5
2020-10-01,09014,Benito Juárez,6216684,18
2020-10-01,09015,Cuauhtémoc,16830259,33
2020-10-01,09016,Miguel Hidalgo,5532640,13
2020-10-01,09017,Venustiano Carranza,10720269,22
2020-11-01,09002,Azcapotzalco,1993597,8
2020-11-01,09003,Coyoacán,3480276,6
2020-11-01,09005,Gustavo A. Madero,6931937,20
2020-11-01,09006,Iztacalco,3164019,7
2020-11-01,09007,Iztapalapa,7297364,19
2020-11-01,09010,Álvaro Obregón,2085279,3
2020-11-01,09011,Tláhuac,2169817,5
2020-11-01,09014,Benito Juárez,5915937,18
2020-11-01,09015,Cuauhtémoc,15945389,33
2020-11-01,09016,Miguel Hidalgo,5156921,13
2020-11-01,09017,Venustiano Carranza,10067257,22
2020-12-01,09002,Azcapotzalco,1928635,8
2020-12-01,09003,Coyoacán,3302886,6
2020-12-01,09005,Gustavo A. Madero,6769892,20
2020-12-01,09006,Iztacalco,3135613,7
2020-12-01,09007,Iztapalapa,7101885,19
2020-12-01,09010,Álvaro Obregón,1863431,3
2020-12-01,09011,Tláhuac,2145894,5
2020-12-01,09014,Benito Juárez,5645734,18
2020-12-01,09015,Cuauhtémoc,15103891,33
2020-12-01,09016,Miguel Hidalgo,5038492,13
2020-12-01,09017,Venustiano Carranza,10258105,22
2021-01-01,09002,Azcapotzalco,1412633,8
2021-01-01,09003,Coyoacán,811144,6
2021-01-01,09005,Gustavo A. Madero,3188701,20
2021-01-01,09006,Iztacalco,2934826,7
2021-01-01,09007,Iztapalapa,5926891,19
2021-01-01,09010,Álvaro Obregón,920100,3
2021-01-01,09011,Tláhuac,1606037,5
2021-01-01,09014,Benito Juárez,2892774,18
2021-01-01,09015,Cuauhtémoc,8040426,33
2021-01-01,09016,Miguel Hidalgo,3173991,13
2021-01-01,09017,Venustiano Carranza,5712763,22
2021-02-01,09002,Azcapotzalco,1538054,8
2021-02-01,09003,Coyoacán,2071267,6
2021-02-01,09005,Gustavo A. Madero,4658922,20
2021-02-01,09006,Iztacalco,2724243,7
2021-02-01,09007,Iztapalapa,5724444,19
2021-02-01,09010,Álvaro Obregón,1348447,3
2021-02-01,09011,Tláhuac,1445088,5
2021-02-01,09014,Benito Juárez,4039610,18
2021-02-01,09015,Cuauhtémoc,10912674,33
2021-02-01,09016,Miguel Hidalgo,3714170,13
2021-02-01,09017,Venustiano Carranza,7399549,22
2021-03-01,09002,Azcapotzalco,1896309,8
2021-03-01,09003,Coyoacán,3133027,6
2021-03-01,09005,Gustavo A. Madero,6330986,20
2021-03-01,09006,Iztacalco,3088427,7
2021-03-01,09007,Iztapalapa,7306617,19
2021-03-01,09010,Álvaro Obregón,1723049,3
2021-03-01,09011,Tláhuac,2105183,5
2021-03-01,09014,Benito Juárez,5293583,18
2021-03-01,09015,Cuauhtémoc,13966974,33
2021-03-01,09016,Miguel Hidalgo,4963645,13
2021-03-01,09017,Venustiano Carranza,9198160,22
2021-04-01,09002,Azcapotzalco,1777666,8
2021-04-01,09003,Coyoacán,3109262,6
2021-04-01,09005,Gustavo A. Madero,6211339,20
2021-04-01,09006,Iztacalco,2728968,7
2021-04-01,09007,Iztapalapa,6801059,19
2021-04-01,09010,Álvaro Obregón,1725563,3
2021-04-01,09011,Tláhuac,1918720,5
2021-04-01,09014,Benito Juárez,5146802,18
2021-04-01,09015,Cuauhtémoc,13621720,33
2021-04-01,09016,Miguel Hidalgo,4834070,13
2021-04-01,09017,Venustiano Carranza,8643309,22
2021-05-01,09002,Azcapotzalco,1987745,8
2021-05-01,09003,Coyoacán,3098879,6
2021-05-01,09005,Gustavo A. Madero,6911617,20
2021-05-01,09006,Iztacalco,3299067,7
2021-05-01,09007,Iztapalapa,5943587,19
2021-05-01,09010,Álvaro Obregón,2003808,3
2021-05-01,09011,Tláhuac,158878,5
2021-05-01,09014,Benito Juárez,4103718,18
2021-05-01,09015,Cuauhtémoc,14790253,33
2021-05-01,09016,Miguel Hidalgo,4761099,13
2021-05-01,09017,Venustiano Carranza,9302302,22
2021-06-01,09002,Azcapotzalco,2021221,8
2021-06-01,09003,Coyoacán,3311427,6
2021-06-01,09005,Gustavo A. Madero,6754529,20
2021-06-01,09006,Iztacalco,3352000,7
2021-06-01,09007,Iztapalapa,5883899,19
2021-06-01,09010,Álvaro Obregón,1867425,3
2021-06-01,09011,Tláhuac,0,5
2021-06-01,09014,Benito Juárez,4376045,18
2021-06-01,09015,Cuauhtémoc,15203974,33
2021-06-01,09016,Miguel Hidalgo,5170217,13
2021-06-01,09017,Venustiano Carranza,9382621,22
2021-07-01,09002,Azcapotzalco,2125062,8
2021-07-01,09003,Coyoacán,3702145,6
2021-07-01,09005,Gustavo A. Madero,7431177,20
2021-07-01,09006,Iztacalco,3499902,7
2021-07-01,09007,Iztapalapa,6061327,19
2021-07-01,09010,Álvaro Obregón,2219773,3
2021-07-01,09011,Tláhuac,0,5
2021-07-01,09014,Benito Juárez,5020359,18
2021-07-01,09015,Cuauhtémoc,16336367,33
2021-07-01,09016,Miguel Hidalgo,5808813,13
2021-07-01,09017,Venustiano Carranza,10641444,22
2021-08-01,09002,Azcapotzalco,1991011,8
2021-08-01,09003,Coyoacán,3606196,6
2021-08-01,09005,Gustavo A. Madero,7319629,20
2021-08-01,09006,Iztacalco,3402972,7
2021-08-01,09007,Iztapalapa,6022577,19
2021-08-01,09010,Álvaro Obregón,2090461,3
2021-08-01,09011,Tláhuac,0,5
2021-08-01,09014,Benito Juárez,4848511,18
2021-08-01,09015,Cuauhtémoc,16439781,33
2021-08-01,09016,Miguel Hidalgo,5583469,13
2021-08-01,09017,Venustiano Carranza,10577567,22
2021-09-01,09002,Azcapotzalco,2091216,8
2021-09-01,09003,Coyoacán,3700288,6
2021-09-01,09005,Gustavo A. Madero,7602545,20
2021-09-01,09006,Iztacalco,3519923,7
2021-09-01,09007,Iztapalapa,6223935,19
2021-09-01,09010,Álvaro Obregón,2161287,3
2021-09-01,09011,Tláhuac,0,5
2021-09-01,09014,Benito Juárez,5016870,18
2021-09-01,09015,Cuauhtémoc,16770780,33
2021-09-01,09016,Miguel Hidalgo,5802619,13
2021-09-01,09017,Venustiano Carranza,10724930,22
2021-10-01,09002,Azcapotzalco,2360591,8
2021-10-01,09003,Coyoacán,4224579,6
2021-10-01,09005,Gustavo A. Madero,8281764,20
2021-10-01,09006,Iztacalco,3759323,7
2021-10-01,09007,Iztapalapa,7371639,19
2021-10-01,09010,Álvaro Obregón,2403850,3
2021-10-01,09011,Tláhuac,0,5
2021-10-01,09014,Benito Juárez,5513085,18
2021-10-01,09015,Cuauhtémoc,18109874,33
2021-10-01,09016,Miguel Hidalgo,6504267,13
2021-10-01,09017,Venustiano Carranza,12306687,22
2021-11-01,09002,Azcapotzalco,2378262,8
2021-11-01,09003,Coyoacán,4249527,6
2021-11-01,09005,Gustavo A. Madero,8407346,20
2021-11-01,09006,Iztacalco,3714156,7
2021-11-01,09007,Iztapalapa,7437253,19
2021-11-01,09010,Álvaro Obregón,2483035,3
2021-11-01,09011,Tláhuac,0,5
2021-11-01,09014,Benito Juárez,5570811,18
2021-11-01,09015,Cuauhtémoc,18391070,33
2021-11-01,09016,Miguel Hidalgo,6410077,13
2021-11-01,09017,Venustiano Carranza,12072470,22
2021-12-01,09002,Azcapotzalco,2504495,8
2021-12-01,09003,Coyoacán,4474880,6
2021-12-01,09005,Gustavo A. Madero,8978774,20
2021-12-01,09006,Iztacalco,3889147,7
2021-12-01,09007,Iztapalapa,7792191,19
2021-12-01,09010,Álvaro Obregón,2573196,3
2021-12-01,09011,Tláhuac,0,5
2021-12-01,09014,Benito Juárez,5797757,18
2021-12-01,09015,Cuauhtémoc,20788824,33
2021-12-01,09016,Miguel Hidalgo,6576175,13
2021-12-01,09017,Venustiano Carranza,13131452,22
2022-01-01,09002,Azcapotzalco,2111382,8
2022-01-01,09003,Coyoacán,3678558,6
2022-01-01,09005,Gustavo A. Madero,7634467,20
2022-01-01,09006,Iztacalco,3376934,7
2022-01-01,09007,Iztapalapa,6273065,19
2022-01-01,09010,Álvaro Obregón,2114646,3
2022-01-01,09011,Tláhuac,0,5
2022-01-01,09014,Benito Juárez,4953620,18
2022-01-01,09015,Cuauhtémoc,17521176,33
2022-01-01,09016,Miguel Hidalgo,5553868,13
2022-01-01,09017,Venustiano Carranza,10807555,22
2022-02-01,09002,Azcapotzalco,2224772,8
2022-02-01,09003,Coyoacán,3914794,6
2022-02-01,09005,Gustavo A. Madero,7920769,20
2022-02-01,09006,Iztacalco,3510838,7
2022-02-01,09007,Iztapalapa,6544308,19
2022-02-01,09010,Álvaro Obregón,1979148,3
2022-02-01,09011,Tláhuac,0,5
2022-02-01,09014,Benito Juárez,5170979,18
2022-02-01,09015,Cuauhtémoc,17520256,33
2022-02-01,09016,Miguel Hidalgo,5938644,13
2022-02-01,09017,Venustiano Carranza,10687115,22
2022-03-01,09002,Azcapotzalco,2835800,8
2022-03-01,09003,Coyoacán,5182062,6
2022-03-01,09005,Gustavo A. Madero,9773208,20
2022-03-01,09006,Iztacalco,4163393,7
2022-03-01,09007,Iztapalapa,8077161,19
2022-03-01,09010,Álvaro Obregón,2464837,3
2022-03-01,09011,Tláhuac,0,5
2022-03-01,09014,Benito Juárez,6415066,18
2022-03-01,09015,Cuauhtémoc,21332054,33
2022-03-01,09016,Miguel Hidalgo,7216651,13
2022-03-01,09017,Venustiano Carranza,12633272,22
2022-04-01,09002,Azcapotzalco,2609756,8
2022-04-01,09003,Coyoacán,4732489,6
2022-04-01,09005,Gustavo A. Madero,9100847,20
2022-04-01,09006,Iztacalco,3883553,7
2022-04-01,09007,Iztapalapa,7592509,19
2022-04-01,09010,Álvaro Obregón,2240486,3
2022-04-01,09011,Tláhuac,0,5
2022-04-01,09014,Benito Juárez,5916596,18
2022-04-01,09015,Cuauhtémoc,20195273,33
2022-04-01,09016,Miguel Hidalgo,6835144,13
2022-04-01,09017,Venustiano Carranza,12065612,22
2022-05-01,09002,Azcapotzalco,2914939,8
2022-05-01,09003,Coyoacán,5403519,6
2022-05-01,09005,Gustavo A. Madero,10077617,20
2022-05-01,09006,Iztacalco,4312504,7
2022-05-01,09007,Iztapalapa,8242510,19
2022-05-01,09010,Álvaro Obregón,2577470,3
2022-05-01,09011,Tláhuac,0,5
2022-05-01,09014,Benito Juárez,6657660,18
2022-05-01,09015,Cuauhtémoc,22032155,33
2022-05-01,09016,Miguel Hidalgo,7522554,13
2022-05-01,09017,Venustiano Carranza,12964821,22
2022-06-01,09002,Azcapotzalco,2856704,8
2022-06-01,09003,Coyoacán,4905541,6
2022-06-01,09005,Gustavo A. Madero,9677281,20
2022-06-01,09006,Iztacalco,4067698,7
2022-06-01,09007,Iztapalapa,8101056,19
2022-06-01,09010,Álvaro Obregón,2422180,3
2022-06-01,09011,Tláhuac,0,5
2022-06-01,09014,Benito Juárez,6438527,18
2022-06-01,09015,Cuauhtémoc,22001903,33
2022-06-01,09016,Miguel Hidalgo,7323838,13
2022-06-01,09017,Venustiano Carranza,12360494,22
2022-07-01,09002,Azcapotzalco,2652881,8
2022-07-01,09003,Coyoacán,4437822,6
2022-07-01,09005,Gustavo A. Madero,9095073,20
2022-07-01,09006,Iztacalco,4379503,7
2022-07-01,09007,Iztapalapa,7791555,19
2022-07-01,09010,Álvaro Obregón,2162342,3
2022-07-01,09011,Tláhuac,0,5
2022-07-01,09014,Benito Juárez,5976825,18
2022-07-01,09015,Cuauhtémoc,20695270,33
2022-07-01,09016,Miguel Hidalgo,7164162,13
2022-07-01,09017,Venustiano Carranza,8606668,22
2022-08-01,09002,Azcapotzalco,3144683,8
2022-08-01,09003,Coyoacán,5991906,6
2022-08-01,09005,Gustavo A. Madero,10844935,20
2022-08-01,09006,Iztacalco,4950495,7
2022-08-01,09007,Iztapalapa,8920389,19
2022-08-01,09010,Álvaro Obregón,2275634,3
2022-08-01,09011,Tláhuac,0,5
2022-08-01,09014,Benito Juárez,6856021,18
2022-08-01,09015,Cuauhtémoc,22769171,33
2022-08-01,09016,Miguel Hidalgo,8081486,13
2022-08-01,09017,Venustiano Carranza,7626717,22
2022-09-01,09002,Azcapotzalco,3137495,8
2022-09-01,09003,Coyoacán,5930788,6
2022-09-01,09005,Gustavo A. Madero,10602746,20
2022-09-01,09006,Iztacalco,4938713,7
2022-09-01,09007,Iztapalapa,8796005,19
2022-09-01,09010,Álvaro Obregón,2221824,3
2022-09-01,09011,Tláhuac,0,5
2022-09-01,09014,Benito Juárez,6753475,18
2022-09-01,09015,Cuauhtémoc,22145054,33
2022-09-01,09016,Miguel Hidalgo,8023971,13
2022-09-01,09017,Venustiano Carranza,7427538,22
2022-10-01,09002,Azcapotzalco,3183260,8
2022-10-01,09003,Coyoacán,6173419,6
2022-10-01,09005,Gustavo A. Madero,11152935,20
2022-10-01,09006,Iztacalco,5348634,7
2022-10-01,09007,Iztapalapa,9385070,19
2022-10-01,09010,Álvaro Obregón,2283671,3
2022-10-01,09011,Tláhuac,0,5
2022-10-01,09014,Benito Juárez,7176149,18
2022-10-01,09015,Cuauhtémoc,24563805,33
2022-10-01,09016,Miguel Hidalgo,8724228,13
2022-10-01,09017,Venustiano Carranza,8161175,22
2022-11-01,09002,Azcapotzalco,3177183,8
2022-11-01,09003,Coyoacán,6007944,6
2022-11-01,09005,Gustavo A. Madero,10751640,20
2022-11-01,09006,Iztacalco,5139823,7
2022-11-01,09007,Iztapalapa,8997522,19
2022-11-01,09010,Álvaro Obregón,2194209,3
2022-11-01,09011,Tláhuac,0,5
2022-11-01,09014,Benito Juárez,6996721,18
2022-11-01,09015,Cuauhtémoc,23488811,33
2022-11-01,09016,Miguel Hidalgo,8506714,13
2022-11-01,09017,Venustiano Carranza,7749995,22
2022-12-01,09002,Azcapotzalco,2944395,8
2022-12-01,09003,Coyoacán,5288138,6
2022-12-01,09005,Gustavo A. Madero,10661710,20
2022-12-01,09006,Iztacalco,5058769,7
2022-12-01,09007,Iztapalapa,9022827,19
2022-12-01,09010,Álvaro Obregón,2242824,3
2022-12-01,09011,Tláhuac,0,5
2022-12-01,09014,Benito Juárez,6646889,18
2022-12-01,09015,Cuauhtémoc,23682757,33
2022-12-01,09016,Miguel Hidalgo,8045382,13
2022-12-01,09017,Venustiano Carranza,7866666,22
2023-01-01,09002,Azcapotzalco,2892230,8
2023-01-01,09003,Coyoacán,4666952,6
2023-01-01,09005,Gustavo A. Madero,9935080,20
2023-01-01,09006,Iztacalco,4891790,7
2023-01-01,09007,Iztapalapa,9188808,19
2023-01-01,09010,Álvaro Obregón,2373919,3
2023-01-01,09011,Tláhuac,0,5
2023-01-01,09014,Benito Juárez,7115818,18
2023-01-01,09015,Cuauhtémoc,22344537,33
2023-01-01,09016,Miguel Hidalgo,8088603,13
2023-01-01,09017,Venustiano Carranza,7506769,22
2023-02-01,09002,Azcapotzalco,2941025,8
2023-02-01,09003,Coyoacán,5780604,6
2023-02-01,09005,Gustavo A. Madero,10058908,20
2023-02-01,09006,Iztacalco,4552560,7
2023-02-01,09007,Iztapalapa,9452020,19
2023-02-01,09010,Álvaro Obregón,2217453,3
2023-02-01,09011,Tláhuac,0,5
2023-02-01,09014,Benito Juárez,7662127,18
2023-02-01,09015,Cuauhtémoc,20861833,33
2023-02-01,09016,Miguel Hidalgo,8094439,13
2023-02-01,09017,Venustiano Carranza,7122240,22
2023-03-01,09002,Azcapotzalco,3277061,8
2023-03-01,09003,Coyoacán,6665058,6
2023-03-01,09005,Gustavo A. Madero,11573936,20
2023-03-01,09006,Iztacalco,5336492,7
2023-03-01,09007,Iztapalapa,10565090,19
2023-03-01,09010,Álvaro Obregón,2575762,3
2023-03-01,09011,Tláhuac,0,5
2023-03-01,09014,Benito Juárez,8884729,18
2023-03-01,09015,Cuauhtémoc,23978742,33
2023-03-01,09016,Miguel Hidalgo,9240598,13
2023-03-01,09017,Venustiano Carranza,8253956,22
2023-04-01,09002,Azcapotzalco,2786174,8
2023-04-01,09003,Coyoacán,5553621,6
2023-04-01,09005,Gustavo A. Madero,10072622,20
2023-04-01,09006,Iztacalco,4571003,7
2023-04-01,09007,Iztapalapa,9382027,19
2023-04-01,09010,Álvaro Obregón,2257640,3
2023-04-01,09011,Tláhuac,0,5
2023-04-01,09014,Benito Juárez,7462067,18
2023-04-01,09015,Cuauhtémoc,21481435,33
2023-04-01,09016,Miguel Hidalgo,7829304,13
2023-04-01,09017,Venustiano Carranza,7350712,22
2023-05-01,09002,Azcapotzalco,3175544,8
2023-05-01,09003,Coyoacán,6459035,6
2023-05-01,09005,Gustavo A. Madero,11164786,20
2023-05-01,09006,Iztacalco,4973804,7
2023-05-01,09007,Iztapalapa,10340156,19
2023-05-01,09010,Álvaro Obregón,2524840,3
2023-05-01,09011,Tláhuac,0,5
2023-05-01,09014,Benito Juárez,8505054,18
2023-05-01,09015,Cuauhtémoc,23544895,33
2023-05-01,09016,Miguel Hidalgo,8933913,13
2023-05-01,09017,Venustiano Carranza,8108940,22
2023-06-01,09002,Azcapotzalco,3091171,8
2023-06-01,09003,Coyoacán,6000688,6
2023-06-01,09005,Gustavo A. Madero,10637480,20
2023-06-01,09006,Iztacalco,4784189,7
2023-06-01,09007,Iztapalapa,9952509,19
2023-06-01,09010,Álvaro Obregón,2429499,3
2023-06-01,09011,Tláhuac,0,5
2023-06-01,09014,Benito Juárez,8512937,18
2023-06-01,09015,Cuauhtémoc,23082306,33
2023-06-01,09016,Miguel Hidalgo,8641457,13
2023-06-01,09017,Venustiano Carranza,7798869,22
2023-07-01,09002,Azcapotzalco,2858031,8
2023-07-01,09003,Coyoacán,5421622,6
2023-07-01,09005,Gustavo A. Madero,10155834,20
2023-07-01,09006,Iztacalco,4502381,7
2023-07-01,09007,Iztapalapa,10065674,19
2023-07-01,09010,Álvaro Obregón,2508443,3
2023-07-01,09011,Tláhuac,0,5
2023-07-01,09014,Benito Juárez,8284496,18
2023-07-01,09015,Cuauhtémoc,22937036,33
2023-07-01,09016,Miguel Hidalgo,8300797,13
2023-07-01,09017,Venustiano Carranza,7627281,22
2023-08-01,09002,Azcapotzalco,2887597,8
2023-08-01,09003,Coyoacán,6486947,6
2023-08-01,09005,Gustavo A. Madero,10797611,20
2023-08-01,09006,Iztacalco,4961691,7
2023-08-01,09007,Iztapalapa,11290338,19
2023-08-01,09010,Álvaro Obregón,2687344,3
2023-08-01,09011,Tláhuac,0,5
2023-08-01,09014,Benito Juárez,9029802,18
2023-08-01,09015,Cuauhtémoc,23900704,33
2023-08-01,09016,Miguel Hidalgo,8771010,13
2023-08-01,09017,Venustiano Carranza,8082116,22
2023-09-01,09002,Azcapotzalco,3208182,8
2023-09-01,09003,Coyoacán,5647537,6
2023-09-01,09005,Gustavo A. Madero,10849434,20
2023-09-01,09006,Iztacalco,4970111,7
2023-09-01,09007,Iztapalapa,11309556,19
2023-09-01,09010,Álvaro Obregón,2633249,3
2023-09-01,09011,Tláhuac,0,5
2023-09-01,09014,Benito Juárez,8940800,18
2023-09-01,09015,Cuauhtémoc,22340956,33
2023-09-01,09016,Miguel Hidalgo,8770505,13
2023-09-01,09017,Venustiano Carranza,8039145,22
2023-10-01,09002,Azcapotzalco,3611402,8
2023-10-01,09003,Coyoacán,5504480,6
2023-10-01,09005,Gustavo A. Madero,10641827,20
2023-10-01,09006,Iztacalco,5006693,7
2023-10-01,09007,Iztapalapa,11380210,19
2023-10-01,09010,Álvaro Obregón,2754296,3
2023-10-01,09011,Tláhuac,0,5
2023-10-01,09014,Benito Juárez,9558911,18
2023-10-01,09015,Cuauhtémoc,22967371,33
2023-10-01,09016,Miguel Hidalgo,9369162,13
2023-10-01,09017,Venustiano Carranza,8133888,22
2023-11-01,09002,Azcapotzalco,3336714,8
2023-11-01,09003,Coyoacán,5194652,6
2023-11-01,09005,Gustavo A. Madero,10206481,20
2023-11-01,09006,Iztacalco,4430352,7
2023-11-01,09007,Iztapalapa,10809450,19
2023-11-01,09010,Álvaro Obregón,1815511,3
2023-11-01,09011,Tláhuac,0,5
2023-11-01,09014,Benito Juárez,9115684,18
2023-11-01,09015,Cuauhtémoc,21054624,33
2023-11-01,09016,Miguel Hidalgo,8740094,13
2023-11-01,09017,Venustiano Carranza,10883559,22
2023-12-01,09002,Azcapotzalco,2966403,8
2023-12-01,09003,Coyoacán,4719078,6
2023-12-01,09005,Gustavo A. Madero,9593894,20
2023-12-01,09006,Iztacalco,3745672,7
2023-12-01,09007,Iztapalapa,10867603,19
2023-12-01,09010,Álvaro Obregón,1221355,3
2023-12-01,09011,Tláhuac,0,5
2023-12-01,09014,Benito Juárez,8340359,18
2023-12-01,09015,Cuauhtémoc,20758387,33
2023-12-01,09016,Miguel Hidalgo,7903558,13
2023-12-01,09017,Venustiano Carranza,11886547,22
2024-01-01,09002,Azcapotzalco,3155767,8
2024-01-01,09003,Coyoacán,4847534,6
2024-01-01,09005,Gustavo A. Madero,9315573,20
2024-01-01,09006,Iztacalco,2632121,7
2024-01-01,09007,Iztapalapa,11315361,19
2024-01-01,09010,Álvaro Obregón,1218962,3
2024-01-01,09011,Tláhuac,100009,5
2024-01-01,09014,Benito Juárez,8516805,18
2024-01-01,09015,Cuauhtémoc,19234559,33
2024-01-01,09016,Miguel Hidalgo,7771481,13
2024-01-01,09017,Venustiano Carranza,11546537,22
2024-02-01,09002,Azcapotzalco,3227572,8
2024-02-01,09003,Coyoacán,5663392,6
2024-02-01,09005,Gustavo A. Madero,9941842,20
2024-02-01,09006,Iztacalco,2627989,7
2024-02-01,09007,Iztapalapa,11385048,19
2024-02-01,09010,Álvaro Obregón,1472716,3
2024-02-01,09011,Tláhuac,2300079,5
2024-02-01,09014,Benito Juárez,9057616,18
2024-02-01,09015,Cuauhtémoc,18595348,33
2024-02-01,09016,Miguel Hidalgo,8032699,13
2024-02-01,09017,Venustiano Carranza,11160618,22
2024-03-01,09002,Azcapotzalco,3125843,8
2024-03-01,09003,Coyoacán,5082072,6
2024-03-01,09005,Gustavo A. Madero,9840500,20
2024-03-01,09006,Iztacalco,2620756,7
2024-03-01,09007,Iztapalapa,11489121,19
2024-03-01,09010,Álvaro Obregón,1392895,3
2024-03-01,09011,Tláhuac,2392207,5
2024-03-01,09014,Benito Juárez,8667410,18
2024-03-01,09015,Cuauhtémoc,17993796,33
2024-03-01,09016,Miguel Hidalgo,8077261,13
2024-03-01,09017,Venustiano Carranza,11279030,22
2024-04-01,09002,Azcapotzalco,3315658,8
2024-04-01,09003,Coyoacán,6025161,6
2024-04-01,09005,Gustavo A. Madero,10389422,20
2024-04-01,09006,Iztacalco,2729843,7
2024-04-01,09007,Iztapalapa,11960326,19
2024-04-01,09010,Álvaro Obregón,1539233,3
2024-04-01,09011,Tláhuac,2608067,5
2024-04-01,09014,Benito Juárez,9566668,18
2024-04-01,09015,Cuauhtémoc,19183359,33
2024-04-01,09016,Miguel Hidalgo,8589919,13
2024-04-01,09017,Venustiano Carranza,11683621,22
2024-05-01,09002,Azcapotzalco,3358623,8
2024-05-01,09003,Coyoacán,6207893,6
2024-05-01,09005,Gustavo A. Madero,10901014,20
2024-05-01,09006,Iztacalco,2776853,7
2024-05-01,09007,Iztapalapa,12197525,19
2024-05-01,09010,Álvaro Obregón,1526188,3
2024-05-01,09011,Tláhuac,2793571,5
2024-05-01,09014,Benito Juárez,9734829,18
2024-05-01,09015,Cuauhtémoc,20443825,33
2024-05-01,09016,Miguel Hidalgo,8837053,13
2024-05-01,09017,Venustiano Carranza,12133697,22
2024-06-01,09002,Azcapotzalco,3069029,8
2024-06-01,09003,Coyoacán,5530864,6
2024-06-01,09005,Gustavo A. Madero,10058132,20
2024-06-01,09006,Iztacalco,2611880,7
2024-06-01,09007,Iztapalapa,11225326,19
2024-06-01,09010,Álvaro Obregón,1411462,3
2024-06-01,09011,Tláhuac,2708954,5
2024-06-01,09014,Benito Juárez,9074902,18
2024-06-01,09015,Cuauhtémoc,19471373,33
2024-06-01,09016,Miguel Hidalgo,8241422,13
2024-06-01,09017,Venustiano Carranza,11417667,22
2024-07-01,09002,Azcapotzalco,3038010,8
2024-07-01,09003,Coyoacán,5413456,6
2024-07-01,09005,Gustavo A. Madero,9956475,20
2024-07-01,09006,Iztacalco,2555893,7
2024-07-01,09007,Iztapalapa,11287012,19
2024-07-01,09010,Álvaro Obregón,1460829,3
2024-07-01,09011,Tláhuac,2805214,5
2024-07-01,09014,Benito Juárez,9304180,18
2024-07-01,09015,Cuauhtémoc,20124704,33
2024-07-01,09016,Miguel Hidalgo,8315019,13
2024-07-01,09017,Venustiano Carranza,11898149,22
2024-08-01,09002,Azcapotzalco,3198316,8
2024-08-01,09003,Coyoacán,6570656,6
2024-08-01,09005,Gustavo A. Madero,10426966,20
2024-08-01,09006,Iztacalco,2717409,7
2024-08-01,09007,Iztapalapa,11825493,19
2024-08-01,09010,Álvaro Obregón,1484996,3
2024-08-01,09011,Tláhuac,3041920,5
2024-08-01,09014,Benito Juárez,9710751,18
2024-08-01,09015,Cuauhtémoc,20842177,33
2024-08-01,09016,Miguel Hidalgo,8629375,13
2024-08-01,09017,Venustiano Carranza,12305370,22
2024-09-01,09002,Azcapotzalco,3275100,8
2024-09-01,09003,Coyoacán,6336399,6
2024-09-01,09005,Gustavo A. Madero,10843960,20
2024-09-01,09006,Iztacalco,3817512,7
2024-09-01,09007,Iztapalapa,11463910,19
2024-09-01,09010,Álvaro Obregón,1434153,3
2024-09-01,09011,Tláhuac,3015868,5
2024-09-01,09014,Benito Juárez,9485744,18
2024-09-01,09015,Cuauhtémoc,19926670,33
2024-09-01,09016,Miguel Hidalgo,8678031,13
2024-09-01,09017,Venustiano Carranza,11514730,22
2024-10-01,09002,Azcapotzalco,3474589,8
2024-10-01,09003,Coyoacán,6909734,6
2024-10-01,09005,Gustavo A. Madero,11380921,20
2024-10-01,09006,Iztacalco,4832376,7
2024-10-01,09007,Iztapalapa,12446921,19
2024-10-01,09010,Álvaro Obregón,1587107,3
2024-10-01,09011,Tláhuac,3270836,5
2024-10-01,09014,Benito Juárez,10247834,18
2024-10-01,09015,Cuauhtémoc,22660037,33
2024-10-01,09016,Miguel Hidalgo,9546488,13
2024-10-01,09017,Venustiano Carranza,12620819,22
2024-11-01,09002,Azcapotzalco,3239619,8
2024-11-01,09003,Coyoacán,6389358,6
2024-11-01,09005,Gustavo A. Madero,10683969,20
2024-11-01,09006,Iztacalco,4570205,7
2024-11-01,09007,Iztapalapa,11812058,19
2024-11-01,09010,Álvaro Obregón,1477964,3
2024-11-01,09011,Tláhuac,3104606,5
2024-11-01,09014,Benito Juárez,9597410,18
2024-11-01,09015,Cuauhtémoc,21586306,33
2024-11-01,09016,Miguel Hidalgo,8947676,13
2024-11-01,09017,Venustiano Carranza,11901320,22
2024-12-01,09002,Azcapotzalco,2896063,8
2024-12-01,09003,Coyoacán,5416059,6
2024-12-01,09005,Gustavo A. Madero,10119827,20
2024-12-01,09006,Iztacalco,4312952,7
2024-12-01,09007,Iztapalapa,11163736,19
2024-12-01,09010,Álvaro Obregón,1328180,3
2024-12-01,09011,Tláhuac,2909212,5
2024-12-01,09014,Benito Juárez,8723557,18
2024-12-01,09015,Cuauhtémoc,22257627,33
2024-12-01,09016,Miguel Hidalgo,8137212,13
2024-12-01,09017,Venustiano Carranza,12168071,22
2025-01-01,09002,Azcapotzalco,3301868,8
2025-01-01,09003,Coyoacán,5531030,6
2025-01-01,09005,Gustavo A. Madero,9841250,20
2025-01-01,09006,Iztacalco,4233354,7
2025-01-01,09007,Iztapalapa,10963897,19
2025-01-01,09010,Álvaro Obregón,1237423,3
2025-01-01,09011,Tláhuac,2899983,5
2025-01-01,09014,Benito Juárez,8850401,18
2025-01-01,09015,Cuauhtémoc,20620843,33
2025-01-01,09016,Miguel Hidalgo,8408457,13
2025-01-01,09017,Venustiano Carranza,11344279,22
2025-02-01,09002,Azcapotzalco,3029980,8
2025-02-01,09003,Coyoacán,6044298,6
2025-02-01,09005,Gustavo A. Madero,9726399,20
2025-02-01,09006,Iztacalco,4207512,7
2025-02-01,09007,Iztapalapa,10682874,19
2025-02-01,09010,Álvaro Obregón,1396972,3
2025-02-01,09011,Tláhuac,2882367,5
2025-02-01,09014,Benito Juárez,8902191,18
2025-02-01,09015,Cuauhtémoc,19265913,33
2025-02-01,09016,Miguel Hidalgo,8142924,13
2025-02-01,09017,Venustiano Carranza,10729639,22
2025-03-01,09002,Azcapotzalco,3406064,8
2025-03-01,09003,Coyoacán,6599587,6
2025-03-01,09005,Gustavo A. Madero,11086868,20
2025-03-01,09006,Iztacalco,4646093,7
2025-03-01,09007,Iztapalapa,11869483,19
2025-03-01,09010,Álvaro Obregón,1545809,3
2025-03-01,09011,Tláhuac,3235777,5
2025-03-01,09014,Benito Juárez,9899826,18
2025-03-01,09015,Cuauhtémoc,21212289,33
2025-03-01,09016,Miguel Hidalgo,9089015,13
2025-03-01,09017,Venustiano Carranza,12096527,22
2025-04-01,09002,Azcapotzalco,3072967,8
2025-04-01,09003,Coyoacán,5893599,6
2025-04-01,09005,Gustavo A. Madero,10001089,20
2025-04-01,09006,Iztacalco,4282600,7
2025-04-01,09007,Iztapalapa,11047167,19
2025-04-01,09010,Álvaro Obregón,1436503,3
2025-04-01,09011,Tláhuac,3043213,5
2025-04-01,09014,Benito Juárez,9141174,18
2025-04-01,09015,Cuauhtémoc,20403449,33
2025-04-01,09016,Miguel Hidalgo,8392632,13
2025-04-01,09017,Venustiano Carranza,11346823,22
2025-05-01,09002,Azcapotzalco,3210159,8
2025-05-01,09003,Coyoacán,6165831,6
2025-05-01,09005,Gustavo A. Madero,10595587,20
2025-05-01,09006,Iztacalco,4496051,7
2025-05-01,09007,Iztapalapa,11700056,19
2025-05-01,09010,Álvaro Obregón,1469038,3
2025-05-01,09011,Tláhuac,3192014,5
2025-05-01,09014,Benito Juárez,9663561,18
2025-05-01,09015,Cuauhtémoc,23234877,33
2025-05-01,09016,Miguel Hidalgo,8685405,13
2025-05-01,09017,Venustiano Carranza,12072552,22
2025-06-01,09002,Azcapotzalco,3114996,8
2025-06-01,09003,Coyoacán,5529299,6
2025-06-01,09005,Gustavo A. Madero,10101552,20
2025-06-01,09006,Iztacalco,4291919,7
2025-06-01,09007,Iztapalapa,11289773,19
2025-06-01,09010,Álvaro Obregón,1416904,3
2025-06-01,09011,Tláhuac,3067786,5
2025-06-01,09014,Benito Juárez,9284915,18
2025-06-01,09015,Cuauhtémoc,22545968,33
2025-06-01,09016,Miguel Hidalgo,8475623,13
2025-06-01,09017,Venustiano Carranza,11840487,22
2025-07-01,09002,Azcapotzalco,3098635,8
2025-07-01,09003,Coyoacán,5589896,6
2025-07-01,09005,Gustavo A. Madero,10030912,20
2025-07-01,09006,Iztacalco,4365061,7
2025-07-01,09007,Iztapalapa,11616841,19
2025-07-01,09010,Álvaro Obregón,1513677,3
2025-07-01,09011,Tláhuac,3185031,5
2025-07-01,09014,Benito Juárez,9592989,18
2025-07-01,09015,Cuauhtémoc,23929597,33
2025-07-01,09016,Miguel Hidalgo,8581725,13
2025-07-01,09017,Venustiano Carranza,12402349,22
2025-08-01,09002,Azcapotzalco,3116737,8
2025-08-01,09003,Coyoacán,6353622,6
2025-08-01,09005,Gustavo A. Madero,10264994,20
2025-08-01,09006,Iztacalco,4425243,7
2025-08-01,09007,Iztapalapa,12109903,19
2025-08-01,09010,Álvaro Obregón,1488889,3
2025-08-01,09011,Tláhuac,3223835,5
2025-08-01,09014,Benito Juárez,9552320,18
2025-08-01,09015,Cuauhtémoc,24541311,33
2025-08-01,09016,Miguel Hidalgo,8517908,13
2025-08-01,09017,Venustiano Carranza,12419139,22
2025-09-01,09002,Azcapotzalco,3340511,8
2025-09-01,09003,Coyoacán,6339105,6
2025-09-01,09005,Gustavo A. Madero,10725875,20
2025-09-01,09006,Iztacalco,4514744,7
2025-09-01,09007,Iztapalapa,12151845,19
2025-09-01,09010,Álvaro Obregón,1489678,3
2025-09-01,09011,Tláhuac,3364178,5
2025-09-01,09014,Benito Juárez,9613583,18
2025-09-01,09015,Cuauhtémoc,22886229,33
2025-09-01,09016,Miguel Hidalgo,8822792,13
2025-09-01,09017,Venustiano Carranza,12289319,22
2025-10-01,09002,Azcapotzalco,3642565,8
2025-10-01,09003,Coyoacán,6448549,6
2025-10-01,09005,Gustavo A. Madero,11485238,20
2025-10-01,09006,Iztacalco,4884003,7
2025-10-01,09007,Iztapalapa,13121446,19
2025-10-01,09010,Álvaro Obregón,1675902,3
2025-10-01,09011,Tláhuac,3574498,5
2025-10-01,09014,Benito Juárez,10557725,18
2025-10-01,09015,Cuauhtémoc,25953178,33
2025-10-01,09016,Miguel Hidalgo,9642583,13
2025-10-01,09017,Venustiano Carranza,13745081,22
2025-11-01,09002,Azcapotzalco,3640953,8
2025-11-01,09003,Coyoacán,6295824,6
2025-11-01,09005,Gustavo A. Madero,11784662,20
2025-11-01,09006,Iztacalco,4999575,7
2025-11-01,09007,Iztapalapa,13854509,19
2025-11-01,09010,Álvaro Obregón,2157351,3
2025-11-01,09011,Tláhuac,3668953,5
2025-11-01,09014,Benito Juárez,10934536,18
2025-11-01,09015,Cuauhtémoc,27109107,33
2025-11-01,09016,Miguel Hidalgo,9780100,13
2025-11-01,09017,Venustiano Carranza,14880462,22
2025-12-01,09002,Azcapotzalco,3089209,8
2025-12-01,09003,Coyoacán,5481466,6
2025-12-01,09005,Gustavo A. Madero,10598820,20
2025-12-01,09006,Iztacalco,4501470,7
2025-12-01,09007,Iztapalapa,12264144,19
2025-12-01,09010,Álvaro Obregón,2402051,3
2025-12-01,09011,Tláhuac,3258381,5
2025-12-01,09014,Benito Juárez,9168686,18
2025-12-01,09015,Cuauhtémoc,24488584,33
2025-12-01,09016,Miguel Hidalgo,8381249,13
2025-12-01,09017,Venustiano Carranza,13540460,22
2026-01-01,09002,Azcapotzalco,2954556,8
2026-01-01,09003,Coyoacán,5378063,6
2026-01-01,09005,Gustavo A. Madero,9777502,20
2026-01-01,09006,Iztacalco,4213759,7
2026-01-01,09007,Iztapalapa,11705357,19
2026-01-01,09010,Álvaro Obregón,2372322,3
2026-01-01,09011,Tláhuac,3135567,5
2026-01-01,09014,Benito Juárez,9060394,18
2026-01-01,09015,Cuauhtémoc,22566553,33
2026-01-01,09016,Miguel Hidalgo,7965125,13
2026-01-01,09017,Venustiano Carranza,12243909,22
2026-02-01,09002,Azcapotzalco,3044728,8
2026-02-01,09003,Coyoacán,5886147,6
2026-02-01,09005,Gustavo A. Madero,9814374,20
2026-02-01,09006,Iztacalco,4133383,7
2026-02-01,09007,Iztapalapa,11463394,19
2026-02-01,09010,Álvaro Obregón,2541370,3
2026-02-01,09011,Tláhuac,3102732,5
2026-02-01,09014,Benito Juárez,8844023,18
2026-02-01,09015,Cuauhtémoc,21041048,33
2026-02-01,09016,Miguel Hidalgo,7785513,13
2026-02-01,09017,Venustiano Carranza,11562217,22
2026-03-01,09002,Azcapotzalco,3353022,8
2026-03-01,09003,Coyoacán,6245531,6
2026-03-01,09005,Gustavo A. Madero,10500925,20
2026-03-01,09006,Iztacalco,4533934,7
2026-03-01,09007,Iztapalapa,12596690,19
2026-03-01,09010,Álvaro Obregón,2821635,3
2026-03-01,09011,Tláhuac,3399875,5
2026-03-01,09014,Benito Juárez,9613396,18
2026-03-01,09015,Cuauhtémoc,23135638,33
2026-03-01,09016,Miguel Hidalgo,8524803,13
2026-03-01,09017,Venustiano Carranza,12718708,22
2026-04-01,09002,Azcapotzalco,3110547,8
2026-04-01,09003,Coyoacán,5537800,6
2026-04-01,09005,Gustavo A. Madero,9523055,20
2026-04-01,09006,Iztacalco,4307764,7
2026-04-01,09007,Iztapalapa,11796147,19
2026-04-01,09010,Álvaro Obregón,2663921,3
2026-04-01,09011,Tláhuac,3183673,5
2026-04-01,09014,Benito Juárez,8802937,18
2026-04-01,09015,Cuauhtémoc,21896517,33
2026-04-01,09016,Miguel Hidalgo,7842982,13
2026-04-01,09017,Venustiano Carranza,12046168,22
2026-05-01,09002,Azcapotzalco,3227288,8
2026-05-01,09003,Coyoacán,5584066,6
2026-05-01,09005,Gustavo A. Madero,10052001,20
2026-05-01,09006,Iztacalco,4656622,7
2026-05-01,09007,Iztapalapa,12334786,19
2026-05-01,09010,Álvaro Obregón,2813202,3
2026-05-01,09011,Tláhuac,3332102,5
2026-05-01,09014,Benito Juárez,8589603,18
2026-05-01,09015,Cuauhtémoc,22629203,33
2026-05-01,09016,Miguel Hidalgo,8210990,13
2026-05-01,09017,Venustiano Carranza,12510385,22
2026-06-01,09002,Azcapotzalco,3036784,8
2026-06-01,09003,Coyoacán,5142807,6
2026-06-01,09005,Gustavo A. Madero,9450945,20
2026-06-01,09006,Iztacalco,4361142,7
2026-06-01,09007,Iztapalapa,12074564,19
2026-06-01,09010,Álvaro Obregón,2736565,3
2026-06-01,09011,Tláhuac,3177327,5
2026-06-01,09014,Benito Juárez,8705362,18
2026-06-01,09015,Cuauhtémoc,23199890,33
2026-06-01,09016,Miguel Hidalgo,8182154,13
2026-06-01,09017,Venustiano Carranza,12160311,22
2026-07-01,09002,Azcapotzalco,3014505,8
2026-07-01,09003,Coyoacán,5365426,6
2026-07-01,09005,Gustavo A. Madero,9378204,20
2026-07-01,09006,Iztacalco,4595116,7
2026-07-01,09007,Iztapalapa,11871348,19
2026-07-01,09010,Álvaro Obregón,2854942,3
2026-07-01,09011,Tláhuac,3262378,5
2026-07-01,09014,Benito Juárez,9243300,18
2026-07-01,09015,Cuauhtémoc,23667003,33
2026-07-01,09016,Miguel Hidalgo,8474193,13
2026-07-01,09017,Venustiano Carranza,12527464,22
