estado,semana,color,fecha,imputado
Ciudad de México,2020-W22,rojo,2020-05-25,False
Ciudad de México,2020-W23,rojo,2020-06-01,False
Ciudad de México,2020-W24,rojo,2020-06-08,False
Ciudad de México,2020-W25,rojo,2020-06-15,False
Ciudad de México,2020-W26,naranja,2020-06-22,False
Ciudad de México,2020-W27,naranja,2020-06-29,False
Ciudad de México,2020-W28,naranja,2020-07-06,False
Ciudad de México,2020-W29,naranja,2020-07-13,False
Ciudad de México,2020-W30,naranja,2020-07-20,False
Ciudad de México,2020-W31,naranja,2020-07-27,False
Ciudad de México,2020-W32,naranja,2020-08-03,False
Ciudad de México,2020-W33,naranja,2020-08-10,False
Ciudad de México,2020-W34,naranja,2020-08-17,False
Ciudad de México,2020-W35,naranja,2020-08-24,False
Ciudad de México,2020-W36,naranja,2020-08-31,False
Ciudad de México,2020-W37,naranja,2020-09-07,False
Ciudad de México,2020-W38,naranja,2020-09-14,False
Ciudad de México,2020-W39,naranja,2020-09-21,False
Ciudad de México,2020-W40,naranja,2020-09-28,False
Ciudad de México,2020-W41,naranja,2020-10-05,False
Ciudad de México,2020-W42,naranja,2020-10-12,False
Ciudad de México,2020-W43,naranja,2020-10-19,False
Ciudad de México,2020-W44,naranja,2020-10-26,False
Ciudad de México,2020-W45,naranja,2020-11-02,False
Ciudad de México,2020-W46,naranja,2020-11-09,False
Ciudad de México,2020-W47,naranja,2020-11-16,False
Ciudad de México,2020-W48,naranja,2020-11-23,False
Ciudad de México,2020-W49,naranja,2020-11-30,False
Ciudad de México,2020-W50,naranja,2020-12-07,False
Ciudad de México,2020-W51,rojo,2020-12-14,False
Ciudad de México,2020-W52,rojo,2020-12-21,False
Ciudad de México,2020-W53,rojo,2020-12-28,True
Ciudad de México,2021-W01,rojo,2021-01-04,False
Ciudad de México,2021-W02,rojo,2021-01-11,False
Ciudad de México,2021-W03,rojo,2021-01-18,False
Ciudad de México,2021-W04,rojo,2021-01-25,False
Ciudad de México,2021-W05,rojo,2021-02-01,False
Ciudad de México,2021-W06,rojo,2021-02-08,False
Ciudad de México,2021-W07,naranja,2021-02-15,False
Ciudad de México,2021-W08,naranja,2021-02-22,False
Ciudad de México,2021-W09,naranja,2021-03-01,False
Ciudad de México,2021-W10,naranja,2021-03-08,False
Ciudad de México,2021-W11,naranja,2021-03-15,False
Ciudad de México,2021-W12,naranja,2021-03-22,False
Ciudad de México,2021-W13,naranja,2021-03-29,False
Ciudad de México,2021-W14,naranja,2021-04-05,False
Ciudad de México,2021-W15,naranja,2021-04-12,False
Ciudad de México,2021-W16,naranja,2021-04-19,False
Ciudad de México,2021-W17,naranja,2021-04-26,False
Ciudad de México,2021-W18,naranja,2021-05-03,False
Ciudad de México,2021-W19,naranja,2021-05-10,False
Ciudad de México,2021-W20,amarillo,2021-05-17,False
Ciudad de México,2021-W21,amarillo,2021-05-24,False
Ciudad de México,2021-W22,amarillo,2021-05-31,False
Ciudad de México,2021-W23,verde,2021-06-07,False
Ciudad de México,2021-W24,verde,2021-06-14,False
Ciudad de México,2021-W25,amarillo,2021-06-21,False
Ciudad de México,2021-W26,amarillo,2021-06-28,False
Ciudad de México,2021-W27,amarillo,2021-07-05,False
Ciudad de México,2021-W28,amarillo,2021-07-12,False
Ciudad de México,2021-W29,amarillo,2021-07-19,False
Ciudad de México,2021-W30,naranja,2021-07-26,False
Ciudad de México,2021-W31,naranja,2021-08-02,False
Ciudad de México,2021-W32,rojo,2021-08-09,False
Ciudad de México,2021-W33,rojo,2021-08-16,False
Ciudad de México,2021-W34,naranja,2021-08-23,False
Ciudad de México,2021-W35,naranja,2021-08-30,False
Ciudad de México,2021-W36,amarillo,2021-09-06,False
Ciudad de México,2021-W37,amarillo,2021-09-13,False
Ciudad de México,2021-W38,amarillo,2021-09-20,False
Ciudad de México,2021-W39,amarillo,2021-09-27,False
Ciudad de México,2021-W40,amarillo,2021-10-04,False
Ciudad de México,2021-W41,amarillo,2021-10-11,False
Ciudad de México,2021-W42,verde,2021-10-18,False
Ciudad de México,2021-W43,verde,2021-10-25,False
Ciudad de México,2021-W44,verde,2021-11-01,False
Ciudad de México,2021-W45,verde,2021-11-08,False
Ciudad de México,2021-W46,verde,2021-11-15,False
Ciudad de México,2021-W47,verde,2021-11-22,False
Ciudad de México,2021-W48,verde,2021-11-29,False
Ciudad de México,2021-W49,verde,2021-12-06,False
Ciudad de México,2021-W50,verde,2021-12-13,False
Ciudad de México,2021-W51,verde,2021-12-20,False
Ciudad de México,2021-W52,verde,2021-12-27,False
Ciudad de México,2022-W01,verde,2022-01-03,True
Ciudad de México,2022-W02,verde,2022-01-10,False
Ciudad de México,2022-W03,verde,2022-01-17,False
Ciudad de México,2022-W04,amarillo,2022-01-24,False
Ciudad de México,2022-W05,amarillo,2022-01-31,False
Ciudad de México,2022-W06,amarillo,2022-02-07,False
Ciudad de México,2022-W07,amarillo,2022-02-14,False
Ciudad de México,2022-W08,amarillo,2022-02-21,False
Ciudad de México,2022-W09,amarillo,2022-02-28,False
Ciudad de México,2022-W10,verde,2022-03-07,False
Ciudad de México,2022-W11,verde,2022-03-14,False
Ciudad de México,2022-W12,verde,2022-03-21,False
Ciudad de México,2022-W13,verde,2022-03-28,False
Ciudad de México,2022-W14,verde,2022-04-04,False
Ciudad de México,2022-W15,verde,2022-04-11,False
Ciudad de México,2022-W16,verde,2022-04-18,False
Ciudad de México,2022-W17,verde,2022-04-25,False
Ciudad de México,2022-W18,verde,2022-05-02,False
Ciudad de México,2022-W19,verde,2022-05-09,False
Ciudad de México,2022-W20,verde,2022-05-16,False
Ciudad de México,2022-W21,verde,2022-05-23,False
Ciudad de México,2022-W22,verde,2022-05-30,False
Ciudad de México,2022-W23,verde,2022-06-06,False
Ciudad de México,2022-W24,verde,2022-06-13,False
Ciudad de México,2022-W25,verde,2022-06-20,False
Ciudad de México,2022-W26,verde,2022-06-27,False
Ciudad de México,2022-W27,verde,2022-07-04,False
Ciudad de México,2022-W28,verde,2022-07-11,False
Ciudad de México,2022-W29,verde,2022-07-18,False
Ciudad de México,2022-W30,verde,2022-07-25,False
Ciudad de México,2022-W31,verde,2022-08-01,False
Ciudad de México,2022-W32,verde,2022-08-08,False
Ciudad de México,2022-W33,verde,2022-08-15,False
Ciudad de México,2022-W34,verde,2022-08-22,False
Ciudad de México,2022-W35,verde,2022-08-29,False
Ciudad de México,2022-W36,verde,2022-09-05,False
Ciudad de México,2022-W37,verde,2022-09-12,False
Ciudad de México,2022-W38,verde,2022-09-19,False
Ciudad de México,2022-W39,verde,2022-09-26,False
Ciudad de México,2022-W40,verde,2022-10-03,False
Ciudad de México,2022-W41,verde,2022-10-10,False
Ciudad de México,2022-W42,verde,2022-10-17,False
Ciudad de México,2022-W43,verde,2022-10-24,False
Ciudad de México,2022-W44,verde,2022-10-31,False
Ciudad de México,2022-W45,verde,2022-11-07,False
Ciudad de México,2022-W46,verde,2022-11-14,False
Ciudad de México,2022-W47,verde,2022-11-21,False
Ciudad de México,2022-W48,verde,2022-11-28,False
Ciudad de México,2022-W49,verde,2022-12-05,False
Ciudad de México,2022-W50,verde,2022-12-12,False
Ciudad de México,2022-W51,verde,2022-12-19,False
Ciudad de México,2022-W52,verde,2022-12-26,False
Ciudad de México,2023-W01,verde,2023-01-02,False
Ciudad de México,2023-W02,verde,2023-01-09,False
Ciudad de México,2023-W03,verde,2023-01-16,False
Ciudad de México,2023-W04,verde,2023-01-23,False
Ciudad de México,2023-W05,verde,2023-01-30,False
Ciudad de México,2023-W06,verde,2023-02-06,False
Ciudad de México,2023-W07,verde,2023-02-13,False
Ciudad de México,2023-W08,verde,2023-02-20,False
Ciudad de México,2023-W09,verde,2023-02-27,False
Ciudad de México,2023-W10,verde,2023-03-06,False
Ciudad de México,2023-W11,verde,2023-03-13,False
Ciudad de México,2023-W12,verde,2023-03-20,False
Ciudad de México,2023-W13,verde,2023-03-27,False
Ciudad de México,2023-W14,verde,2023-04-03,False
Ciudad de México,2023-W15,verde,2023-04-10,False
Ciudad de México,2023-W16,verde,2023-04-17,False
Ciudad de México,2023-W17,verde,2023-04-24,False
Ciudad de México,2023-W18,verde,2023-05-01,False
Ciudad de México,2023-W19,verde,2023-05-08,False
Ciudad de México,2023-W20,verde,2023-05-15,False
Ciudad de México,2023-W21,verde,2023-05-22,False
Ciudad de México,2023-W22,verde,2023-05-29,False
Ciudad de México,2023-W23,verde,2023-06-05,False
Ciudad de México,2023-W24,verde,2023-06-12,False
