fuente,archivo,url,fecha_descarga,bytes,sha256
datos.cdmx.gob.mx/llamadas-numero-de-atencion-a-emergencias-911,911/diccionario_de_datos.csv,https://datos.cdmx.gob.mx/dataset/d3364ebd-6f16-4402-8de4-d758741ccab4/resource/6af73fdf-729a-47e0-acea-48175680b2e3/download/6af73fdf-729a-47e0-acea-48175680b2e3.csv,2026-09-26T16:20:50,2682,424f9670dc9965efcf3bfd71626b2deac6a71f97f84d759f30f77b6e39446e32
datos.cdmx.gob.mx/llamadas-numero-de-atencion-a-emergencias-911,911/llamadas_911_2019_s1.csv,https://archivo.datos.cdmx.gob.mx/911/llamadas_911_2019_s1.csv,2026-09-26T16:18:10,118806367,a9e6f311945e8ccf558d10c35740d9b9674ed71f7246ce4f6b7046070162c80d
datos.cdmx.gob.mx/llamadas-numero-de-atencion-a-emergencias-911,911/llamadas_911_2019_s2.csv,https://archivo.datos.cdmx.gob.mx/911/llamadas_911_2019_s2.csv,2026-09-26T16:18:58,128432402,0ca4ea944be8dda67c1b5da96a632568629f042e84dff9b72dcdf389fbf8fb29
datos.cdmx.gob.mx/llamadas-numero-de-atencion-a-emergencias-911,911/llamadas_911_2020_s1.csv,https://archivo.datos.cdmx.gob.mx/911/llamadas_911_2020_s1.csv,2026-09-26T16:19:28,123996705,0e467de9b92d1d311b988d2aaa7cda9a525199fcc33d053af44b81a70fa529f0
datos.cdmx.gob.mx/llamadas-numero-de-atencion-a-emergencias-911,911/llamadas_911_2020_s2.csv,https://archivo.datos.cdmx.gob.mx/911/llamadas_911_2020_s2.csv,2026-09-26T16:19:49,104660922,836c10aca89fb19f07d24dba048a5236e0e5f6860fa2f1616ce26e564e2d677a
datos.cdmx.gob.mx/llamadas-numero-de-atencion-a-emergencias-911,911/llamadas_911_2021_s1.csv,https://archivo.datos.cdmx.gob.mx/911/llamadas_911_2021_s1.csv,2026-09-26T16:20:14,113045860,e494967b0ff245a419bdc51411f31e23364d3167aa85cb6678f7633156c9f910
datos.cdmx.gob.mx/llamadas-numero-de-atencion-a-emergencias-911,911/llamadas_911_2021_s2.csv,https://archivo.datos.cdmx.gob.mx/911/llamadas_911_2021_s2.csv,2026-09-26T16:20:42,118938476,c65c1d38bd3a6a6254644b3db38cf7e6fd897929d06bffcc1d8f6299687423f6
datos.cdmx.gob.mx/llamadas-numero-de-atencion-a-emergencias-911,911/llamadas_911_2022_s1.csv,https://archivo.datos.cdmx.gob.mx/911/llamadas_911_2022_s1.csv,2026-09-26T16:21:32,71876389,e31c5a248b5a158c79de5b3809a99ef8b6890df1b3d115e047304349c1051c9b
datos.cdmx.gob.mx/llamadas-numero-de-atencion-a-emergencias-911,911/manual_de_usuarias.pdf,https://datos.cdmx.gob.mx/dataset/d3364ebd-6f16-4402-8de4-d758741ccab4/resource/c2529c33-1cb5-42ba-bdef-ffeadcf507f6/download/c2529c33-1cb5-42ba-bdef-ffeadcf507f6.pdf,2026-09-26T16:20:54,908155,6940e2dd084c885ecc5b0820feab8c7f4c409db987b1a7f975b6ac7a1de793f8
inegi.org.mx,censo2020/iter_09_cpv2020_csv.zip,https://www.inegi.org.mx/contenidos/programas/ccpv/2020/datosabiertos/iter/iter_09_cpv2020_csv.zip,2026-09-26T16:22:59,174925,45b70f15f12564eeb5593ebb1b4ad0968d75896cef2d5888098bc0ff4259af27
datos.cdmx.gob.mx/total-de-pruebas-total-de-positivos-y-tasa-de-positividad,covid/casos_positivos_covid_19_ciudad_de_mexico.csv,https://datos.cdmx.gob.mx/dataset/a5f5b67c-817f-4a94-8086-290c4774a02b/resource/ae2cd306-1aed-45a1-8ee4-3d0b0852ae4b/download/ae2cd306-1aed-45a1-8ee4-3d0b0852ae4b.csv,2026-09-26T16:21:51,76560,ba0b67bea65b2e0556a5989813c536b2297ab4bd02d31ed0844ac98b28d9e446
datos.cdmx.gob.mx/total-de-pruebas-total-de-positivos-y-tasa-de-positividad,covid/diccionario_de_datos.xlsx,https://datos.cdmx.gob.mx/dataset/a5f5b67c-817f-4a94-8086-290c4774a02b/resource/07a0cb5b-cfa3-48fa-bf66-fb879e7d4fcd/download/07a0cb5b-cfa3-48fa-bf66-fb879e7d4fcd.xlsx,2026-09-26T16:21:45,9108,558bfd0d9e4c44d6dbb5b5bf10cb8251936bdb28b7313fef31089c66e7b45f39
inegi.org.mx,denue/denue_09_2019_11.zip,https://www.inegi.org.mx/contenidos/masiva/denue/2019_11/denue_09_1119_csv.zip,2026-09-26T16:16:09,37237215,0b50033f8c4c28b9b8cb2fd37a49ee58ff948c69c02b4507abcede8f84d641cf
inegi.org.mx,denue/denue_09_2020_11.zip,https://www.inegi.org.mx/contenidos/masiva/denue/2020_11/denue_09_1120_csv.zip,2026-09-26T16:17:16,38088299,64656b203239d136cbb57b012d7bf7929b2be2c2a59224a3fcc7629e15d9a3cf
inegi.org.mx,denue/denue_09_2021_11.zip,https://www.inegi.org.mx/contenidos/masiva/denue/2021_11/denue_09_1121_csv.zip,2026-09-26T16:18:56,45525853,7c47a35f40648c29042b008ec0642a79e0ed131733e25acf376ca11d5f4adcc8
inegi.org.mx,denue/denue_09_2022_11.zip,https://www.inegi.org.mx/contenidos/masiva/denue/2022_11/denue_09_1122_csv.zip,2026-09-26T16:20:22,43602043,eb9f543d3a6a831d629895ac97aa79959f48ff7fbca5844fd81ac2e725a5c1cf
inegi.org.mx,denue/denue_09_2023_11.zip,https://www.inegi.org.mx/contenidos/masiva/denue/2023_11/denue_09_1123_csv.zip,2026-09-26T16:21:19,48919203,5bce88390d16b3dc5ca1cc4afc51daf1218c797779fe079b674030a79313eaae
inegi.org.mx,denue/denue_09_2024_11.zip,https://www.inegi.org.mx/contenidos/masiva/denue/2024_11/denue_09_1124_csv.zip,2026-09-26T16:22:20,44903961,d7ccbc02a1c98994d2fb072e516866434364cbd50c23562edd2b622a928d9990
inegi.org.mx,denue/denue_09_vigente_2026-09.zip,https://www.inegi.org.mx/contenidos/masiva/denue/denue_09_csv.zip,2026-09-26T16:22:57,45439249,ae608f30118f6313e9d537ea22918b2c9e9a3d3f19c2ddf5907f55dbb1642b19
datos.cdmx.gob.mx/afluencia-diaria-del-sistema-ecobici,ecobici/viajes_diarios_del_sistema_ecobici.csv,https://datos.cdmx.gob.mx/dataset/7f67dc90-f1a3-457d-a4cb-bc76c43aca61/resource/4df66c20-f969-4b3e-9bce-34987da33bc1/download/4df66c20-f969-4b3e-9bce-34987da33bc1.csv,2026-09-26T16:12:01,482894,37a6d4f947e259bf711364772e26ada6af538f79063c3118d17263febd24ca86
datos.cdmx.gob.mx/afluencia-diaria-del-sistema-ecobici,ecobici/viajes_mensuales_desglosados_del_sistema_ecobici.csv,https://datos.cdmx.gob.mx/dataset/7f67dc90-f1a3-457d-a4cb-bc76c43aca61/resource/2a1cfcab-61ce-46c9-ab7e-7ea1053e6d04/download/2a1cfcab-61ce-46c9-ab7e-7ea1053e6d04.csv,2026-09-26T16:12:06,7762586,170c1ea5cb12524b11d6618494239d2a4ed40b48be60d0ea1400fdb22c05a05a
inegi.org.mx,enoe/enoe_2016_t1.zip,https://www.inegi.org.mx/contenidos/programas/enoe/15ymas/datosabiertos/2016/conjunto_de_datos_enoe_2016_1t_csv.zip,2026-09-26T16:24:39,35756161,d23647b623030f1791c7ae8ed221c4371d61c2e6420083773874f01ca9b410b2
inegi.org.mx,enoe/enoe_2016_t2.zip,https://www.inegi.org.mx/contenidos/programas/enoe/15ymas/datosabiertos/2016/conjunto_de_datos_enoe_2016_2t_csv.zip,2026-09-26T16:25:14,32934718,a8c6e27e29f55593f8145b85b967a8cd9f09280832dce7c19191ce69d5ac992c
inegi.org.mx,enoe/enoe_2016_t3.zip,https://www.inegi.org.mx/contenidos/programas/enoe/15ymas/datosabiertos/2016/conjunto_de_datos_enoe_2016_3t_csv.zip,2026-09-26T16:25:54,32657817,c928568a276a6f0b4016f5e5aafc6a56a462d0a88c3fb01611326be5054b0541
inegi.org.mx,enoe/enoe_2016_t4.zip,https://www.inegi.org.mx/contenidos/programas/enoe/15ymas/datosabiertos/2016/conjunto_de_datos_enoe_2016_4t_csv.zip,2026-09-26T16:26:32,32665161,b1cd3aed9fb4a6d1d26b6c3a79b79f20d269bf93b7e4db86f0566791ddd7de14
inegi.org.mx,enoe/enoe_2018_t3.zip,https://www.inegi.org.mx/contenidos/programas/enoe/15ymas/datosabiertos/2018/conjunto_de_datos_enoe_2018_3t_csv.zip,2026-09-26T16:27:17,41163653,c0ae348c0991931e170d3092dfb02e2410f31b79b21efbeefbf350f0f65bf2a4
inegi.org.mx,enoe/enoe_2018_t4.zip,https://www.inegi.org.mx/contenidos/programas/enoe/15ymas/datosabiertos/2018/conjunto_de_datos_enoe_2018_4t_csv.zip,2026-09-26T16:27:57,41902692,33863942d1b4b3bcf27007a9621f48647eb69f611d759cb128c651a7892e1531
inegi.org.mx,enoe/enoe_2019_t1.zip,https://www.inegi.org.mx/contenidos/programas/enoe/15ymas/datosabiertos/2019/conjunto_de_datos_enoe_2019_1t_csv.zip,2026-09-26T16:29:08,44252554,fffc14c0b6e7f1e3ea33ce587dad4716820313fc6de9c5c34542c6495175ed4b
inegi.org.mx,enoe/enoe_2019_t2.zip,https://www.inegi.org.mx/contenidos/programas/enoe/15ymas/datosabiertos/2019/conjunto_de_datos_enoe_2019_2t_csv.zip,2026-09-26T16:29:55,44295173,939eea79c9b1f6777af991af0f1966e63ce642976abb0cd5886eb396f3ad903e
inegi.org.mx,enoe/enoe_2019_t3.zip,https://www.inegi.org.mx/contenidos/programas/enoe/15ymas/datosabiertos/2019/conjunto_de_datos_enoe_2019_3t_csv.zip,2026-09-26T16:30:44,44134773,3dee3611fa30f76e557afd819a60c6e0bc5bc156006053ebb0a688451b9037cc
inegi.org.mx,enoe/enoe_2019_t4.zip,https://www.inegi.org.mx/contenidos/programas/enoe/15ymas/datosabiertos/2019/conjunto_de_datos_enoe_2019_4t_csv.zip,2026-09-26T16:31:18,39117268,5cdbc8ac79f8366f59f7062ec83bf72cc5140c00b53f4d4cc8f5afe2e07c5efe
inegi.org.mx,enoe/enoe_2020_t1.zip,https://www.inegi.org.mx/contenidos/programas/enoe/15ymas/datosabiertos/2020/conjunto_de_datos_enoe_2020_1t_csv.zip,2026-09-26T16:31:45,43904494,df69c6653909cdd98c501b176dc9b2eb7cc2e0498e238f289a41b6803f7f457f
inegi.org.mx,enoe/enoe_2020_t3.zip,https://www.inegi.org.mx/contenidos/programas/enoe/15ymas/datosabiertos/2020/conjunto_de_datos_enoen_2020_3t_csv.zip,2026-09-26T16:32:13,34070549,e07984bfc96bd75a1eeed09c122a636ea7a1d7300b44d88577116a781a49068a
inegi.org.mx,enoe/enoe_2020_t4.zip,https://www.inegi.org.mx/contenidos/programas/enoe/15ymas/datosabiertos/2020/conjunto_de_datos_enoen_2020_4t_csv.zip,2026-09-26T16:32:46,42038767,c80d258fcd8a0975be4dcb49b0c4162ba46c1caa9a1f2af158b08a9195c62962
inegi.org.mx,enoe/enoe_2021_t1.zip,https://www.inegi.org.mx/contenidos/programas/enoe/15ymas/datosabiertos/2021/conjunto_de_datos_enoen_2021_1t_csv.zip,2026-09-26T16:33:26,45815136,b92ab5c27ccaf4cc15dd76f715f1022c44af0b844d2fb4ebf3d1ec5bb1a16461
inegi.org.mx,enoe/enoe_2021_t2.zip,https://www.inegi.org.mx/contenidos/programas/enoe/15ymas/datosabiertos/2021/conjunto_de_datos_enoen_2021_2t_csv.zip,2026-09-26T16:33:56,33876717,b047edf42e703cce20106ad53f27edc97c2b6bda6e3928d9ed905f41072e208c
inegi.org.mx,enoe/enoe_2021_t3.zip,https://www.inegi.org.mx/contenidos/programas/enoe/15ymas/datosabiertos/2021/conjunto_de_datos_enoen_2021_3t_csv.zip,2026-09-26T16:34:37,51070919,909a2d027a9688710c41710903d0835def5fe01a122dde7f5adb36a50320dc84
inegi.org.mx,enoe/enoe_2021_t4.zip,https://www.inegi.org.mx/contenidos/programas/enoe/15ymas/datosabiertos/2021/conjunto_de_datos_enoen_2021_4t_csv.zip,2026-09-26T16:35:03,43112416,74c6173ee16c14b5d23e0546041642e4eb766417921d844f84b26977a4e5859e
inegi.org.mx,enoe/enoe_2022_t1.zip,https://www.inegi.org.mx/contenidos/programas/enoe/15ymas/datosabiertos/2022/conjunto_de_datos_enoen_2022_1t_csv.zip,2026-09-26T16:35:34,44630600,7b91b51494239d5c0458fada84872e1745e4115c8e924be7511fc5a0d1c48ca9
inegi.org.mx,enoe/enoe_2022_t2.zip,https://www.inegi.org.mx/contenidos/programas/enoe/15ymas/datosabiertos/2022/conjunto_de_datos_enoen_2022_2t_csv.zip,2026-09-26T16:36:08,41272360,454154e53a5fc3d42842bac54d53b463cf898674460ff6162364f86cb6c7b287
inegi.org.mx,enoe/enoe_2022_t3.zip,https://www.inegi.org.mx/contenidos/programas/enoe/15ymas/datosabiertos/2022/conjunto_de_datos_enoen_2022_3t_csv.zip,2026-09-26T16:36:34,40289417,61d09993bd4daf894236c5618779c93ec8d77c08e38ced59aa049c6c3b1bb7ab
inegi.org.mx,enoe/enoe_2022_t4.zip,https://www.inegi.org.mx/contenidos/programas/enoe/15ymas/datosabiertos/2022/conjunto_de_datos_enoen_2022_4t_csv.zip,2026-09-26T16:37:04,40388980,e0d897b28539b79c00e2a9e32df5d7045cf5dcbeda08afde2fbae5b0c819a937
inegi.org.mx,enoe/enoe_2023_t1.zip,https://www.inegi.org.mx/contenidos/programas/enoe/15ymas/datosabiertos/2023/conjunto_de_datos_enoe_2023_1t_csv.zip,2026-09-26T16:37:33,41532376,138e737d3644512d21c4704be32ab31fcd6c5f64c0a0fb30a96df12c9c305773
inegi.org.mx,enoe/enoe_2023_t2.zip,https://www.inegi.org.mx/contenidos/programas/enoe/15ymas/datosabiertos/2023/conjunto_de_datos_enoe_2023_2t_csv.zip,2026-09-26T16:38:09,42728491,b5efd0e94be25a9aaad852e652e4653bd2eaafef4df92e3fd206d5f3e0046b10
inegi.org.mx,enoe/enoe_2023_t3.zip,https://www.inegi.org.mx/contenidos/programas/enoe/15ymas/datosabiertos/2023/conjunto_de_datos_enoe_2023_3t_csv.zip,2026-09-26T16:38:49,44005595,e40824bfcb0b6a99b23dd33171e472406258dfdcfc2bbd0f614e7f2e66a165a6
inegi.org.mx,enoe/enoe_2023_t4.zip,https://www.inegi.org.mx/contenidos/programas/enoe/15ymas/datosabiertos/2023/conjunto_de_datos_enoe_2023_4t_csv.zip,2026-09-26T16:39:25,43788274,add63ea0f5ae2649bfc726b7bc0040304674bab11e31ef6e3c26af6274d0bfa5
inegi.org.mx,enoe/enoe_2024_t1.zip,https://www.inegi.org.mx/contenidos/programas/enoe/15ymas/datosabiertos/2024/conjunto_de_datos_enoe_2024_1t_csv.zip,2026-09-26T16:40:09,55944351,0beed808bf4f1457d6ec13600a8bdd3ca8db7e7276ab14675a44e74e6a33592c
inegi.org.mx,enoe/enoe_2024_t2.zip,https://www.inegi.org.mx/contenidos/programas/enoe/15ymas/datosabiertos/2024/conjunto_de_datos_enoe_2024_2t_csv.zip,2026-09-26T16:40:35,41777459,19a0a9f0e30bd699c2b538f1af52654c0aef09b640e0e3b1081a9369ad363647
inegi.org.mx,enoe/enoe_2024_t3.zip,https://www.inegi.org.mx/contenidos/programas/enoe/15ymas/datosabiertos/2024/conjunto_de_datos_enoe_2024_3t_csv.zip,2026-09-26T16:41:09,53958272,f384a1b8872e051856ed2241289400302b13a8701489b1c596390452c183cd01
inegi.org.mx,enoe/enoe_2024_t4.zip,https://www.inegi.org.mx/contenidos/programas/enoe/15ymas/datosabiertos/2024/conjunto_de_datos_enoe_2024_4t_csv.zip,2026-09-26T16:41:38,54101479,bb6d958c9bca11672d367d2c051cd08bf1654c471c2f32c8e21992c126a3b426
inegi.org.mx,enoe/enoe_2025_t1.zip,https://www.inegi.org.mx/contenidos/programas/enoe/15ymas/datosabiertos/2025/conjunto_de_datos_enoe_2025_1t_csv.zip,2026-09-26T16:42:19,61038674,3931e7c9242147da6ebf9badb1e2b9a59d43d95a9811e077232be406c4ce6691
inegi.org.mx,enoe/enoe_2025_t2.zip,https://www.inegi.org.mx/contenidos/programas/enoe/15ymas/datosabiertos/2025/conjunto_de_datos_enoe_2025_2t_csv.zip,2026-09-26T16:43:02,53803168,9530a017e3defb0658418b73a47a6039eeb54abf11342fa10693374736515127
inegi.org.mx,enoe/enoe_2025_t3.zip,https://www.inegi.org.mx/contenidos/programas/enoe/15ymas/datosabiertos/2025/conjunto_de_datos_enoe_2025_3t_csv.zip,2026-09-26T16:43:32,46026887,7138b2bfabc740a9805b83b3fd0dae28287fc2aab3781a596a741b8fc7861566
inegi.org.mx,enoe/enoe_2025_t4.zip,https://www.inegi.org.mx/contenidos/programas/enoe/15ymas/datosabiertos/2025/conjunto_de_datos_enoe_2025_4t_csv.zip,2026-09-26T16:44:06,54060030,e4d4284cc9924a40c39544a5530715f320a5627cd81997214c0430827616d9d6
inegi.org.mx,enoe/enoe_2026_t1.zip,https://www.inegi.org.mx/contenidos/programas/enoe/15ymas/datosabiertos/2026/conjunto_de_datos_enoe_2026_1t_csv.zip,2026-09-26T16:44:40,42978855,429c288af46e408de743e5dfb92750f668df7e42789be5824f7cdf1c5ff56580
inegi.org.mx,enoe/enoe_2026_t2.zip,https://www.inegi.org.mx/contenidos/programas/enoe/15ymas/datosabiertos/2026/conjunto_de_datos_enoe_2026_2t_csv.zip,2026-09-26T16:45:11,40915330,9ef8877c363f6097da1a04b2077cbda96300cc474b38f835c4963d1dd8f953df
datos.cdmx.gob.mx/carpetas-de-investigacion-fgj-de-la-ciudad-de-mexico,fgj/carpetasFGJ_2016.csv,https://archivo.datos.cdmx.gob.mx/FGJ/carpetas/carpetasFGJ_2016.csv,2026-09-26T16:17:33,50430057,9c4450a3d5db5a35ffbe61dd0edb3261cdbf04faeeeec50df5b6b5b72cbd05f4
datos.cdmx.gob.mx/carpetas-de-investigacion-fgj-de-la-ciudad-de-mexico,fgj/carpetasFGJ_2017.csv,https://archivo.datos.cdmx.gob.mx/FGJ/carpetas/carpetasFGJ_2017.csv,2026-09-26T16:17:15,58263344,9697435170a4a304b38e22a6267363221940a60bf9dc448d21ebbd1d93a2ff15
datos.cdmx.gob.mx/carpetas-de-investigacion-fgj-de-la-ciudad-de-mexico,fgj/carpetasFGJ_2018.csv,https://archivo.datos.cdmx.gob.mx/FGJ/carpetas/carpetasFGJ_2018.csv,2026-09-26T16:16:53,66097277,11d0da589858b961e73d381a7f81f90d8457597619b7f41b4da400a971ab313b
datos.cdmx.gob.mx/carpetas-de-investigacion-fgj-de-la-ciudad-de-mexico,fgj/carpetasFGJ_2019.csv,https://archivo.datos.cdmx.gob.mx/FGJ/carpetas/carpetasFGJ_2019.csv,2026-09-26T16:16:10,65443894,084dd9c6c5dbc73b580b2849736db553e26486f940c0bb14637768414a32dc76
datos.cdmx.gob.mx/carpetas-de-investigacion-fgj-de-la-ciudad-de-mexico,fgj/carpetasFGJ_2020.csv,https://archivo.datos.cdmx.gob.mx/FGJ/carpetas/carpetasFGJ_2020.csv,2026-09-26T16:15:45,58671244,baa669b7d8b66273bb8e963c01e7acd7b5aea4e73ce661fa8eaa3e74afd49e2a
datos.cdmx.gob.mx/carpetas-de-investigacion-fgj-de-la-ciudad-de-mexico,fgj/carpetasFGJ_2021.csv,https://archivo.datos.cdmx.gob.mx/FGJ/carpetas/carpetasFGJ_2021.csv,2026-09-26T16:15:21,66953048,19bce649d71ff9ea66ef96fcdb941b5056d69db9ce245ab422d43eaac49c0af6
datos.cdmx.gob.mx/carpetas-de-investigacion-fgj-de-la-ciudad-de-mexico,fgj/carpetasFGJ_2022.csv,https://archivo.datos.cdmx.gob.mx/FGJ/carpetas/carpetasFGJ_2022.csv,2026-09-26T16:14:56,70630098,5809ec4de55a1a8952e2bd223135ae2833d3128ba30d974bc62bf9365324deb6
datos.cdmx.gob.mx/carpetas-de-investigacion-fgj-de-la-ciudad-de-mexico,fgj/carpetasFGJ_2023.csv,https://archivo.datos.cdmx.gob.mx/FGJ/carpetas/carpetasFGJ_2023.csv,2026-09-26T16:14:34,71871664,4f1aaacc28a52c5a29a487a9fcf2301934579cef6c78bb1731d6d85e0227b741
datos.cdmx.gob.mx/carpetas-de-investigacion-fgj-de-la-ciudad-de-mexico,fgj/carpetasFGJ_2024.csv,https://archivo.datos.cdmx.gob.mx/FGJ/carpetas/carpetasFGJ_2024.csv,2026-09-26T16:14:09,41017850,2ac3f17189a61ab7b2eb95fb21470e46adaba6f92526c7b92d23190ed2431f84
datos.cdmx.gob.mx/carpetas-de-investigacion-fgj-de-la-ciudad-de-mexico,fgj/nota_actualizacion_29_07_20.pdf,https://datos.cdmx.gob.mx/dataset/250f29c0-31c7-44dc-9d31-f7e6cc78b79e/resource/1128fb92-59af-452f-ae38-36b4d835d23e/download/1128fb92-59af-452f-ae38-36b4d835d23e.pdf,2026-09-26T16:12:21,58784,28658bffdb221c1ae5fdf203e9b8affd7935a4f9efd002339cf524218bd64a24
datos.cdmx.gob.mx/carpetas-de-investigacion-fgj-de-la-ciudad-de-mexico,fgj/nota_diferencia_entre_datos_del_secretariado_y_portal_cdmx.pdf,https://datos.cdmx.gob.mx/dataset/250f29c0-31c7-44dc-9d31-f7e6cc78b79e/resource/bcb29264-91fa-4cc6-8c7e-561d8eb771e9/download/bcb29264-91fa-4cc6-8c7e-561d8eb771e9.pdf,2026-09-26T16:13:14,81593,8f18c678403b94ab04d29f59e81fdaf2981e468608d54cf2abb044873a8e621b
datos.cdmx.gob.mx/carpetas-de-investigacion-fgj-de-la-ciudad-de-mexico,fgj/nota_reclasificacion.pdf,https://datos.cdmx.gob.mx/dataset/250f29c0-31c7-44dc-9d31-f7e6cc78b79e/resource/360e2aa0-77e0-463c-b20d-345ef1c1d95b/download/360e2aa0-77e0-463c-b20d-345ef1c1d95b.pdf,2026-09-26T16:13:54,281957,5e4ab406b8b8e24f4817c096fc8dc64ce37ee6d999bbd3c305d0ab5c6c29f676
datos.cdmx.gob.mx/hechos-de-transito-reportados-por-ssc-base-comparativa,hechos_transito/hechos_de_transito_registrados_por_la_ssc_serie_para_comparaciones_interanuales.csv,https://datos.cdmx.gob.mx/dataset/8d89ca4f-43c4-46c0-958c-bb5a4a547b4f/resource/60753d6a-b33b-496b-82a5-516e06803d65/download/60753d6a-b33b-496b-82a5-516e06803d65.csv,2026-09-26T16:12:18,9803496,b22e842994453edabf621831fcf9a3aebc83b5e1d9ee0bf5959946919b924842
datos.cdmx.gob.mx/hechos-de-transito-reportados-por-ssc-base-comparativa,hechos_transito/nota_informativa_diferencias_entre_distintas_fuentes_de_informacion_sobre_seguri.pdf,https://datos.cdmx.gob.mx/dataset/8d89ca4f-43c4-46c0-958c-bb5a4a547b4f/resource/b5738c52-23ee-41c8-9c00-a85da5b45369/download/b5738c52-23ee-41c8-9c00-a85da5b45369.pdf,2026-09-26T16:12:08,84374,42b07f26d92e8e5d39ccd4936c069d99c4d4cc0bbfa0baf8a8b71ffef9f274d5
datos.cdmx.gob.mx/hechos-de-transito-registrados-por-la-ssc-2024-serie-de-datos-ampliada-no-comparativa,hechos_transito_2024/hechos_de_transito_registrados_por_la_ssc.csv,https://datos.cdmx.gob.mx/dataset/e5a4b451-46c8-4912-825d-3ceb60487e68/resource/27b88c58-e741-4526-bfd0-5200fe272f8d/download/27b88c58-e741-4526-bfd0-5200fe272f8d.csv,2026-09-26T16:27:22,6836970,f5347ccd4efdb963c4f53b11bda65f341f5db14e2a659d2e77e2d500ca8aa68b
datos.cdmx.gob.mx/hechos-de-transito-reportados-por-ssc-base-ampliada-no-comparativa,hechos_transito_ampliada/diferencias_entre_distintas_fuentes_de_informacion_sobre_seguridad_vial.pdf,https://datos.cdmx.gob.mx/dataset/a9afdb1b-80ed-4f6c-a34a-0200211e527e/resource/a66332d8-eb99-4880-82f3-765bdc419106/download/a66332d8-eb99-4880-82f3-765bdc419106.pdf,2026-09-26T16:27:02,84374,42b07f26d92e8e5d39ccd4936c069d99c4d4cc0bbfa0baf8a8b71ffef9f274d5
datos.cdmx.gob.mx/hechos-de-transito-reportados-por-ssc-base-ampliada-no-comparativa,hechos_transito_ampliada/hechos_de_transito_registrados_por_la_ssc.csv,https://datos.cdmx.gob.mx/dataset/a9afdb1b-80ed-4f6c-a34a-0200211e527e/resource/0555dd20-d921-4f76-aa8c-1a0689f48bce/download/0555dd20-d921-4f76-aa8c-1a0689f48bce.csv,2026-09-26T16:27:18,28010195,7edf305ce3ba1bcd22b7d0faad2056efdb573dfe3720f327e898233341440b15
datos.cdmx.gob.mx/ocupacion-hotelera-en-la-ciudad-de-mexico,hoteles/porcentaje_de_ocupacion_promedio_mensual.csv,https://datos.cdmx.gob.mx/dataset/250a3994-31c1-4cdc-87a3-444d5f3a9320/resource/8d872b39-6b75-4929-81f3-436f9df234ab/download/8d872b39-6b75-4929-81f3-436f9df234ab.csv,2026-09-26T16:21:35,1764,0f152d454318d66d5d75b0cde64300ec89d57ae31fc9f8615b5af5ee902c4589
datos.imss.gob.mx (filtrado cve_entidad=9),imss/asg_cdmx_2016_01.csv.gz,http://datos.imss.gob.mx/sites/default/files/asg-2016-01-31.csv,2026-09-26T16:23:59,4952649,bdc616a68ea419e92a471bce6a52b32dd543b361325c307ab07f73e475272731
datos.imss.gob.mx (filtrado cve_entidad=9),imss/asg_cdmx_2016_02.csv.gz,http://datos.imss.gob.mx/sites/default/files/asg-2016-02-29.csv,2026-09-26T16:24:49,4968404,ca2046b6eebcfea740f24b84785940a7dc5c91a90b14baf408d879daaaf95b0c
datos.imss.gob.mx (filtrado cve_entidad=9),imss/asg_cdmx_2016_03.csv.gz,http://datos.imss.gob.mx/sites/default/files/asg-2016-03-31.csv,2026-09-26T16:25:18,4954482,852a46a8cd8fc291e473c776848371fef525fbd8541094ee824b8ae772445c8d
datos.imss.gob.mx (filtrado cve_entidad=9),imss/asg_cdmx_2016_04.csv.gz,http://datos.imss.gob.mx/sites/default/files/asg-2016-04-30.csv,2026-09-26T16:26:11,4960733,087d6edd8a36f1352e2759576173523081c3bddad7bc4c63676a8ec37887a942
datos.imss.gob.mx (filtrado cve_entidad=9),imss/asg_cdmx_2016_05.csv.gz,http://datos.imss.gob.mx/sites/default/files/asg-2016-05-31.csv,2026-09-26T16:27:19,4968510,cbecebdfaee9ffddd5576dfb17d9f3260697bfadd2a6438e22c0cea2bcb2f8eb
datos.imss.gob.mx (filtrado cve_entidad=9),imss/asg_cdmx_2016_06.csv.gz,http://datos.imss.gob.mx/sites/default/files/asg-2016-06-30.csv,2026-09-26T16:28:35,4970485,d86e10ce45e847d621b0069490d0bb0ff76d6307cac8bddf33422bf994292ae5
datos.imss.gob.mx (filtrado cve_entidad=9),imss/asg_cdmx_2016_07.csv.gz,http://datos.imss.gob.mx/sites/default/files/asg-2016-07-31.csv,2026-09-26T16:29:43,5010498,9d69313e0a25948b9e64acee713f8546ef9ae6577ed2cb54a656e4654f489513
datos.imss.gob.mx (filtrado cve_entidad=9),imss/asg_cdmx_2016_08.csv.gz,http://datos.imss.gob.mx/sites/default/files/asg-2016-08-31.csv,2026-09-26T16:30:41,5021909,6c6c0f6ec79ba4565b3e9f25641b6b2d14cea243d0dfe8b7812be6b57bc8cc43
datos.imss.gob.mx (filtrado cve_entidad=9),imss/asg_cdmx_2016_09.csv.gz,http://datos.imss.gob.mx/sites/default/files/asg-2016-09-30.csv,2026-09-26T16:31:39,5035985,b3a7648515cc35b56bc8d40f90306ef8337fcd426afe2ee840cb3c1f7dbe0c03
datos.imss.gob.mx (filtrado cve_entidad=9),imss/asg_cdmx_2016_10.csv.gz,http://datos.imss.gob.mx/sites/default/files/asg-2016-10-31.csv,2026-09-26T16:32:12,5048704,0a8308987a0e78f3d169a2704266d498ed67a12c888eef75ad710df0fad89f83
datos.imss.gob.mx (filtrado cve_entidad=9),imss/asg_cdmx_2016_11.csv.gz,http://datos.imss.gob.mx/sites/default/files/asg-2016-11-30.csv,2026-09-26T16:32:43,5068656,3685617bab097a7ceb8b7fd161839f916974d789633b6d8e0e73f606e423d9b7
datos.imss.gob.mx (filtrado cve_entidad=9),imss/asg_cdmx_2016_12.csv.gz,http://datos.imss.gob.mx/sites/default/files/asg-2016-12-31.csv,2026-09-26T16:33:21,5047348,f38247a6e104a49323bdfe4ea61ea33c47befcce2772066ecb2d05840c89d3a5
datos.imss.gob.mx (filtrado cve_entidad=9),imss/asg_cdmx_2017_01.csv.gz,http://datos.imss.gob.mx/sites/default/files/asg-2017-01-31.csv,2026-09-26T16:34:00,4892277,c638f4d00af0cdedf245e6ae5a1389b7cb595ac9f69586f29058c97762916e34
datos.imss.gob.mx (filtrado cve_entidad=9),imss/asg_cdmx_2017_02.csv.gz,http://datos.imss.gob.mx/sites/default/files/asg-2017-02-28.csv,2026-09-26T16:34:40,6287166,347d9842ec54e7fd98f2fbd02fa6ffdde10af8585b47ac18917ebdb05067e503
datos.imss.gob.mx (filtrado cve_entidad=9),imss/asg_cdmx_2017_03.csv.gz,http://datos.imss.gob.mx/sites/default/files/asg-2017-03-31.csv,2026-09-26T16:35:20,6282524,cd4ca660bf47f9edb142bcd5063121183abca5405d01e4b2937d6d5ccbc08684
datos.imss.gob.mx (filtrado cve_entidad=9),imss/asg_cdmx_2017_04.csv.gz,http://datos.imss.gob.mx/sites/default/files/asg-2017-04-30.csv,2026-09-26T16:36:00,6279124,e36c6abab51818e5ba0b0b53afa458de71c0b70058d9d89cade286430f0b504e
datos.imss.gob.mx (filtrado cve_entidad=9),imss/asg_cdmx_2017_05.csv.gz,http://datos.imss.gob.mx/sites/default/files/asg-2017-05-31.csv,2026-09-26T16:36:59,6301624,ef93e3ee8c8eb1f52a8a4a294d19cc7f15c8b521d927f80e4fb8b1e2c2099c13
datos.imss.gob.mx (filtrado cve_entidad=9),imss/asg_cdmx_2017_06.csv.gz,http://datos.imss.gob.mx/sites/default/files/asg-2017-06-30.csv,2026-09-26T16:38:04,6322189,02206534127b55a75c2ea303e5113dd6f509b9c80c83af04c66f74543b009da0
datos.imss.gob.mx (filtrado cve_entidad=9),imss/asg_cdmx_2017_07.csv.gz,http://datos.imss.gob.mx/sites/default/files/asg-2017-07-31.csv,2026-09-26T16:39:11,6379904,58db2cbe2a73ac28fca31b4f829c44eedd58cef36d0f5946d86f3020da85b803
datos.imss.gob.mx (filtrado cve_entidad=9),imss/asg_cdmx_2017_08.csv.gz,http://datos.imss.gob.mx/sites/default/files/asg-2017-08-31.csv,2026-09-26T16:40:17,6383817,22c525ef59a38f776a7d66d5f789f51d5069ea7067a3b31269718a713485fee3
datos.imss.gob.mx (filtrado cve_entidad=9),imss/asg_cdmx_2017_09.csv.gz,http://datos.imss.gob.mx/sites/default/files/asg-2017-09-30.csv,2026-09-26T16:41:15,6377526,0ce1a48441e32cd1d3886afd3b53bdbcbffca0ef6c765b472782e0d1b64b019b
datos.imss.gob.mx (filtrado cve_entidad=9),imss/asg_cdmx_2017_10.csv.gz,http://datos.imss.gob.mx/sites/default/files/asg-2017-10-31.csv,2026-09-26T16:42:26,6389723,0c340bdfd69f607cb9ddb1313e8eec17abca6b2c9974f6bf1e2604c86c15265f
datos.imss.gob.mx (filtrado cve_entidad=9),imss/asg_cdmx_2017_11.csv.gz,http://datos.imss.gob.mx/sites/default/files/asg-2017-11-30.csv,2026-09-26T16:43:30,6422051,d4d7034eea61785486fa6a8d42f0e281255b6f2caf2b9fcd40ad6514581de76b
datos.imss.gob.mx (filtrado cve_entidad=9),imss/asg_cdmx_2017_12.csv.gz,http://datos.imss.gob.mx/sites/default/files/asg-2017-12-31.csv,2026-09-26T16:44:36,6295102,d31b47fc73dc93e16d4383d87b24346e97853f4cd85de0dfa4cbd6fa63d92470
datos.imss.gob.mx (filtrado cve_entidad=9),imss/asg_cdmx_2018_01.csv.gz,http://datos.imss.gob.mx/sites/default/files/asg-2018-01-31.csv,2026-09-26T16:45:53,6401588,124e8361f502101261e9c58a3fe1474df4db830b92459d6b10f6c612ededa818
datos.imss.gob.mx (filtrado cve_entidad=9),imss/asg_cdmx_2018_02.csv.gz,http://datos.imss.gob.mx/sites/default/files/asg-2018-02-28.csv,2026-09-26T16:47:00,6386753,421206357de1719415437123e5f82130ee4d5528af662e91768e9e307cefb940
datos.imss.gob.mx (filtrado cve_entidad=9),imss/asg_cdmx_2018_03.csv.gz,http://datos.imss.gob.mx/sites/default/files/asg-2018-03-31.csv,2026-09-26T16:48:00,6372964,b87a31eed9adbbe94a181a914a844fc24aff17ea63827cb06c705dc5c5a8e91e
datos.imss.gob.mx (filtrado cve_entidad=9),imss/asg_cdmx_2018_04.csv.gz,http://datos.imss.gob.mx/sites/default/files/asg-2018-04-30.csv,2026-09-26T16:48:51,6391660,96b5371426c69dc3003a109d69c63a751bbf3f4cdf274483b4d4bbd8f9566393
datos.imss.gob.mx (filtrado cve_entidad=9),imss/asg_cdmx_2018_05.csv.gz,http://datos.imss.gob.mx/sites/default/files/asg-2018-05-31.csv,2026-09-26T16:49:52,6403013,1abfa0fe95ebab3e8c352fa144e554116a7f038f921215bbd8ddf969e6b4efee
datos.imss.gob.mx (filtrado cve_entidad=9),imss/asg_cdmx_2018_06.csv.gz,http://datos.imss.gob.mx/sites/default/files/asg-2018-06-30.csv,2026-09-26T16:50:56,6390269,42f2e206f91da1807c4b60f4628be4d44554786315b8d93287c1228a65e4691a
datos.imss.gob.mx (filtrado cve_entidad=9),imss/asg_cdmx_2018_07.csv.gz,http://datos.imss.gob.mx/sites/default/files/asg-2018-07-31.csv,2026-09-26T16:52:07,6463341,f22359091f32f978325fea024f9de04cc77cc54c417ce2b8b695d5512ad7e308
datos.imss.gob.mx (filtrado cve_entidad=9),imss/asg_cdmx_2018_08.csv.gz,http://datos.imss.gob.mx/sites/default/files/asg-2018-08-31.csv,2026-09-26T16:53:09,6482738,607923865c342b728ef138192f2639ceeff0e308bf0de876922205a78f98abad
datos.imss.gob.mx (filtrado cve_entidad=9),imss/asg_cdmx_2018_09.csv.gz,http://datos.imss.gob.mx/sites/default/files/asg-2018-09-30.csv,2026-09-26T16:54:21,6472978,ba5fe1722f46ff2c9e425fc56bb7c5a64f45f0cb79463c174adb047999672962
datos.imss.gob.mx (filtrado cve_entidad=9),imss/asg_cdmx_2018_10.csv.gz,http://datos.imss.gob.mx/sites/default/files/asg-2018-10-31.csv,2026-09-26T16:55:43,6487988,01b95ae7390100f06a0e8d354d7f1de8ac15a651bd3e1ebc1c0e9535a8f5f5c1
datos.imss.gob.mx (filtrado cve_entidad=9),imss/asg_cdmx_2018_11.csv.gz,http://datos.imss.gob.mx/sites/default/files/asg-2018-11-30.csv,2026-09-26T16:56:49,6512420,7c4ff97e2ce66e1143c2c6774ddbe0aa17d7998d7770adf0fcc54839dbddf1ff
datos.imss.gob.mx (filtrado cve_entidad=9),imss/asg_cdmx_2018_12.csv.gz,http://datos.imss.gob.mx/sites/default/files/asg-2018-12-31.csv,2026-09-26T16:58:11,6449735,bd94c5c6186880beae515963a11e11dfc689969dd311c6bd3cc402292a87b6af
datos.imss.gob.mx (filtrado cve_entidad=9),imss/asg_cdmx_2019_01.csv.gz,http://datos.imss.gob.mx/sites/default/files/asg-2019-01-31.csv,2026-09-26T16:59:39,6323931,7046af915eb300f11f0d7460d9e7eba81586aa992dcfedc4d3b18617f9a72245
datos.imss.gob.mx (filtrado cve_entidad=9),imss/asg_cdmx_2019_02.csv.gz,http://datos.imss.gob.mx/sites/default/files/asg-2019-02-28.csv,2026-09-26T17:00:49,6333228,a3a7ea64cb8b709f37c1e8f5f5bb0ca63b0781ef9b87b79051729f59ad7fde4a
datos.imss.gob.mx (filtrado cve_entidad=9),imss/asg_cdmx_2019_03.csv.gz,http://datos.imss.gob.mx/sites/default/files/asg-2019-03-31.csv,2026-09-26T16:21:32,6310575,022f8076bc8eedaafdae35a7d21b19869d90e411d2c159e2420a25d730081076
datos.imss.gob.mx (filtrado cve_entidad=9),imss/asg_cdmx_2019_04.csv.gz,http://datos.imss.gob.mx/sites/default/files/asg-2019-04-30.csv,2026-09-26T17:01:55,6313706,e3f97bf597409609ab334dd50a79e92a7fa793f8098f1247a47851415fd897aa
datos.imss.gob.mx (filtrado cve_entidad=9),imss/asg_cdmx_2019_05.csv.gz,http://datos.imss.gob.mx/sites/default/files/asg-2019-05-31.csv,2026-09-26T17:03:12,6306415,58b6a24b8f5a8527d76fdd7dc456bbbb716716724d457822bc42ad53a24824d9
datos.imss.gob.mx (filtrado cve_entidad=9),imss/asg_cdmx_2019_06.csv.gz,http://datos.imss.gob.mx/sites/default/files/asg-2019-06-30.csv,2026-09-26T16:22:58,6293025,19dc3bdd7f5a265eb9598e26382ad91b6317f62b2b59a86c47e98b480c2fcc17
datos.imss.gob.mx (filtrado cve_entidad=9),imss/asg_cdmx_2019_07.csv.gz,http://datos.imss.gob.mx/sites/default/files/asg-2019-07-31.csv,2026-09-26T17:05:18,6348171,d6d784a33ca975623c01630b658b7e583fbda1740e8b061fce77168d25780e01
datos.imss.gob.mx (filtrado cve_entidad=9),imss/asg_cdmx_2019_08.csv.gz,http://datos.imss.gob.mx/sites/default/files/asg-2019-08-31.csv,2026-09-26T17:06:35,6355503,759fb00430e93c3969b4c09debc0c80b2151858280967ecc9b0c97c613dda18a
datos.imss.gob.mx (filtrado cve_entidad=9),imss/asg_cdmx_2019_09.csv.gz,http://datos.imss.gob.mx/sites/default/files/asg-2019-09-30.csv,2026-09-26T17:07:39,6346117,be2720fc3ec48a7d4c5bb5a9de00de7afe344b398f31837f921da85068052380
datos.imss.gob.mx (filtrado cve_entidad=9),imss/asg_cdmx_2019_10.csv.gz,http://datos.imss.gob.mx/sites/default/files/asg-2019-10-31.csv,2026-09-26T17:08:46,6367279,adb7bf91f4223b8a04caf91673324bda863355dda991df44b3a628b26421c30f
datos.imss.gob.mx (filtrado cve_entidad=9),imss/asg_cdmx_2019_11.csv.gz,http://datos.imss.gob.mx/sites/default/files/asg-2019-11-30.csv,2026-09-26T17:10:19,6397968,d442b787b1bfd29a455b842f2d46ca249410938b9d08ac3af47fecf92485d60a
datos.imss.gob.mx (filtrado cve_entidad=9),imss/asg_cdmx_2019_12.csv.gz,http://datos.imss.gob.mx/sites/default/files/asg-2019-12-31.csv,2026-09-26T17:11:42,6358181,f4fcbac83e8afc8bfe476a2d4c754a5bb6b7591dd3c1f78cb5e664db3d627931
datos.imss.gob.mx (filtrado cve_entidad=9),imss/asg_cdmx_2020_01.csv.gz,http://datos.imss.gob.mx/sites/default/files/asg-2020-01-31.csv,2026-09-26T17:12:47,6139354,0ba802a753ba76c3553766646ab7dd4f97fbb9dc97fee9c2b9c0ab9ffa63aa5a
datos.imss.gob.mx (filtrado cve_entidad=9),imss/asg_cdmx_2020_02.csv.gz,http://datos.imss.gob.mx/sites/default/files/asg-2020-02-29.csv,2026-09-26T17:13:54,6159850,83161a4765a97a757c2ea4a326143baac1072df5c3277a95458623a706ccdc6a
datos.imss.gob.mx (filtrado cve_entidad=9),imss/asg_cdmx_2020_03.csv.gz,http://datos.imss.gob.mx/sites/default/files/asg-2020-03-31.csv,2026-09-26T17:15:08,6146088,c3c51a6266d919acdd8ea006358467b3bfe0719abb8a007f0407eaad5e4fe367
datos.imss.gob.mx (filtrado cve_entidad=9),imss/asg_cdmx_2020_04.csv.gz,http://datos.imss.gob.mx/sites/default/files/asg-2020-04-30.csv,2026-09-26T17:16:35,6048997,8953ddb8d260ab49d6b96cd3aa2896a47d926c3f59b83220950dadd61a742390
datos.imss.gob.mx (filtrado cve_entidad=9),imss/asg_cdmx_2020_05.csv.gz,http://datos.imss.gob.mx/sites/default/files/asg-2020-05-31.csv,2026-09-26T17:17:26,5937673,04734fe61613ee812aebdd0000ad65778a81ca504e3215f5ba48f93c036640fb
datos.imss.gob.mx (filtrado cve_entidad=9),imss/asg_cdmx_2020_06.csv.gz,http://datos.imss.gob.mx/sites/default/files/asg-2020-06-30.csv,2026-09-26T17:18:13,5903178,c734af458ee4f4af0b767299161ad61adb7e99332f93deda74762d5e10b50a87
datos.imss.gob.mx (filtrado cve_entidad=9),imss/asg_cdmx_2020_07.csv.gz,http://datos.imss.gob.mx/sites/default/files/asg-2020-07-31.csv,2026-09-26T17:18:51,5852691,ab40f0146a152e3538f9f27060d4ccb768cbc36c1392aa61ac23ceeaedba182f
datos.imss.gob.mx (filtrado cve_entidad=9),imss/asg_cdmx_2020_08.csv.gz,http://datos.imss.gob.mx/sites/default/files/asg-2020-08-31.csv,2026-09-26T17:19:34,5832603,84e1481f05e0ff7df8706f13e2c02ddb5c2aca1c9997ed2ca652f44143d05b8f
datos.imss.gob.mx (filtrado cve_entidad=9),imss/asg_cdmx_2020_09.csv.gz,http://datos.imss.gob.mx/sites/default/files/asg-2020-09-30.csv,2026-09-26T17:20:26,5825267,0a725bd31b1d34e6c3441122d9103e8db0866462c9bf6e1c178ae9d1e9ea1e00
datos.imss.gob.mx (filtrado cve_entidad=9),imss/asg_cdmx_2020_10.csv.gz,http://datos.imss.gob.mx/sites/default/files/asg-2020-10-31.csv,2026-09-26T17:21:25,5835151,05067290be07a18093e23a5b28b42032980e8c2e5a7cd78d8b849b71db1df583
datos.imss.gob.mx (filtrado cve_entidad=9),imss/asg_cdmx_2020_11.csv.gz,http://datos.imss.gob.mx/sites/default/files/asg-2020-11-30.csv,2026-09-26T17:22:12,5896273,ee6e4c49a393b7dd231e6c2e58c070bed702ab48a6a455f7302c25c0d22e0bb2
datos.imss.gob.mx (filtrado cve_entidad=9),imss/asg_cdmx_2020_12.csv.gz,http://datos.imss.gob.mx/sites/default/files/asg-2020-12-31.csv,2026-09-26T17:22:46,5863325,bf4953c660fca90e83ca7edb565171b265b8329dd1a117545452042bfe917832
datos.imss.gob.mx (filtrado cve_entidad=9),imss/asg_cdmx_2021_01.csv.gz,http://datos.imss.gob.mx/sites/default/files/asg-2021-01-31.csv,2026-09-26T17:23:30,5824542,03ae199ab80690b2fcb4d60c211dc15986ac7ec899c8b52d4354f60f1b7b6f6a
datos.imss.gob.mx (filtrado cve_entidad=9),imss/asg_cdmx_2021_02.csv.gz,http://datos.imss.gob.mx/sites/default/files/asg-2021-02-28.csv,2026-09-26T17:24:24,5782396,30168d6ff14247bb05e0628fabc7a5aea1faa70773112ff253a2b6d106bf8d4c
datos.imss.gob.mx (filtrado cve_entidad=9),imss/asg_cdmx_2021_03.csv.gz,http://datos.imss.gob.mx/sites/default/files/asg-2021-03-31.csv,2026-09-26T17:25:04,5758742,20c095657014d2431655d0ea145ede853928ec26c9e1a860049c833e1234876c
datos.imss.gob.mx (filtrado cve_entidad=9),imss/asg_cdmx_2021_04.csv.gz,http://datos.imss.gob.mx/sites/default/files/asg-2021-04-30.csv,2026-09-26T17:25:35,5767370,866ed4a738db46de65bdc62611e8ab0a3407c8ba23a8b87668d3cb704359c7fb
datos.imss.gob.mx (filtrado cve_entidad=9),imss/asg_cdmx_2021_05.csv.gz,http://datos.imss.gob.mx/sites/default/files/asg-2021-05-31.csv,2026-09-26T17:26:18,5799495,89bdc0703ba370d469ab2ccc6dac3af52f7ec3fdbfb0534d804e51d294c7083d
datos.imss.gob.mx (filtrado cve_entidad=9),imss/asg_cdmx_2021_06.csv.gz,http://datos.imss.gob.mx/sites/default/files/asg-2021-06-30.csv,2026-09-26T17:26:56,5792455,5cc48409942c896b8ad0ac7386f35032c8ec90d827c46cf1091795398ec36747
datos.imss.gob.mx (filtrado cve_entidad=9),imss/asg_cdmx_2021_07.csv.gz,http://datos.imss.gob.mx/sites/default/files/asg-2021-07-31.csv,2026-09-26T17:27:34,5882384,4cc3fe687fa3ed4318b5547c4f05434f2a74b99fc068cc506603a064193b1d58
datos.imss.gob.mx (filtrado cve_entidad=9),imss/asg_cdmx_2021_08.csv.gz,http://datos.imss.gob.mx/sites/default/files/asg-2021-08-31.csv,2026-09-26T17:28:27,5902077,a3246e73b96a8ebcd863cd45635a622610b27ce83f43325c27af15b1215f9c54
datos.imss.gob.mx (filtrado cve_entidad=9),imss/asg_cdmx_2021_09.csv.gz,http://datos.imss.gob.mx/sites/default/files/asg-2021-09-30.csv,2026-09-26T17:29:36,5968019,d03b83b6ced811601941120e30ed0ca401816cc3c7c7e6985fc77df39b4b5573
datos.imss.gob.mx (filtrado cve_entidad=9),imss/asg_cdmx_2021_10.csv.gz,http://datos.imss.gob.mx/sites/default/files/asg-2021-10-31.csv,2026-09-26T17:30:25,5978852,8a9e601c961245caf924e4df16e4303191b0b17aa836a00d2a4055471274ecc6
datos.imss.gob.mx (filtrado cve_entidad=9),imss/asg_cdmx_2021_11.csv.gz,http://datos.imss.gob.mx/sites/default/files/asg-2021-11-30.csv,2026-09-26T17:31:12,6068203,caa859c7eff66664418bb3391ed2925b7e644021b83bb937a472739473470ddb
datos.imss.gob.mx (filtrado cve_entidad=9),imss/asg_cdmx_2021_12.csv.gz,http://datos.imss.gob.mx/sites/default/files/asg-2021-12-31.csv,2026-09-26T17:31:48,6046646,01f6cf4724c4f87514011ef7e50457b34dd3d8342c6705625801904b4641270f
datos.imss.gob.mx (filtrado cve_entidad=9),imss/asg_cdmx_2022_01.csv.gz,http://datos.imss.gob.mx/sites/default/files/asg-2022-01-31.csv,2026-09-26T17:32:28,5615921,ea70ad48fbce9d99a57e89e23bab61b7717204214642002af3110a012e89da54
datos.imss.gob.mx (filtrado cve_entidad=9),imss/asg_cdmx_2022_02.csv.gz,http://datos.imss.gob.mx/sites/default/files/asg-2022-02-28.csv,2026-09-26T17:33:09,5972022,8d1497784032a64aed1637d83f8cd09f13aede3477137034dc9c745e201a4d4f
datos.imss.gob.mx (filtrado cve_entidad=9),imss/asg_cdmx_2022_03.csv.gz,http://datos.imss.gob.mx/sites/default/files/asg-2022-03-31.csv,2026-09-26T17:33:45,5968698,c59e2bc1c761aff1c7dea17594066c5fd175e0517d996e9424c1eb715fc3694d
datos.imss.gob.mx (filtrado cve_entidad=9),imss/asg_cdmx_2022_04.csv.gz,http://datos.imss.gob.mx/sites/default/files/asg-2022-04-30.csv,2026-09-26T17:34:16,5994008,1f89242456086afd126c64cbcc65b49a273400f6657378005c622337e1faaa4d
datos.imss.gob.mx (filtrado cve_entidad=9),imss/asg_cdmx_2022_05.csv.gz,http://datos.imss.gob.mx/sites/default/files/asg-2022-05-31.csv,2026-09-26T17:34:51,6017969,bd471249a70e43521f0f01109f8bba2b50a8a3263673fa7dada85f606509f716
datos.imss.gob.mx (filtrado cve_entidad=9),imss/asg_cdmx_2022_06.csv.gz,http://datos.imss.gob.mx/sites/default/files/asg-2022-06-30.csv,2026-09-26T17:35:21,6028178,fae4ecb000b0016f51c7079b62e21994683fd7c0be209f971394b7479835af82
datos.imss.gob.mx (filtrado cve_entidad=9),imss/asg_cdmx_2022_07.csv.gz,http://datos.imss.gob.mx/sites/default/files/asg-2022-07-31.csv,2026-09-26T17:35:53,6102205,ba6b3e3f0a86872491d04a4b128f11382f3683a6b3bdc1a8bad17a1ef7154637
datos.imss.gob.mx (filtrado cve_entidad=9),imss/asg_cdmx_2022_08.csv.gz,http://datos.imss.gob.mx/sites/default/files/asg-2022-08-31.csv,2026-09-26T17:36:31,6119159,dfd5d73e595e480eda8535edb3abfed347385c6aaeccbefcc4538071697e547a
datos.imss.gob.mx (filtrado cve_entidad=9),imss/asg_cdmx_2022_09.csv.gz,http://datos.imss.gob.mx/sites/default/files/asg-2022-09-30.csv,2026-09-26T17:37:11,6145879,5725c047d46299ab164a8cb10d0f99fbf1b8084dd213eeaf10501fc99d521490
datos.imss.gob.mx (filtrado cve_entidad=9),imss/asg_cdmx_2022_10.csv.gz,http://datos.imss.gob.mx/sites/default/files/asg-2022-10-31.csv,2026-09-26T17:37:48,6169192,b318f49ffc41a727164bfdff762ccc3190d2fb4b3c4e521bb5eb510527cdd7a8
datos.imss.gob.mx (filtrado cve_entidad=9),imss/asg_cdmx_2022_11.csv.gz,http://datos.imss.gob.mx/sites/default/files/asg-2022-11-30.csv,2026-09-26T17:38:14,6208629,86c4b4deb4c825ba565d08d0680fc9846a16250d8bf8e55b2b0f6b42be4ee256
datos.imss.gob.mx (filtrado cve_entidad=9),imss/asg_cdmx_2022_12.csv.gz,http://datos.imss.gob.mx/sites/default/files/asg-2022-12-31.csv,2026-09-26T17:38:40,6182301,c45079512fad91e92288368f54b6fc8698df8a4f356d26d8b136b21a4d8f02cf
datos.imss.gob.mx (filtrado cve_entidad=9),imss/asg_cdmx_2023_01.csv.gz,http://datos.imss.gob.mx/sites/default/files/asg-2023-01-31.csv,2026-09-26T17:39:36,5764119,9ac650cf21ca26e3e636c41d76151833708c789f955d9eee11c8b8ec1df2e3a3
datos.imss.gob.mx (filtrado cve_entidad=9),imss/asg_cdmx_2023_02.csv.gz,http://datos.imss.gob.mx/sites/default/files/asg-2023-02-28.csv,2026-09-26T17:40:10,5211875,54ebc4baf5d4c2df7239af368d9095134d223ce49c96ec0e18ed6674a35aa2d2
datos.imss.gob.mx (filtrado cve_entidad=9),imss/asg_cdmx_2023_03.csv.gz,http://datos.imss.gob.mx/sites/default/files/asg-2023-03-31.csv,2026-09-26T17:40:41,5220922,3e9e8e388dd73aa46153b83cfe11a84cce0787342901229a07af2f5c85d6c492
datos.imss.gob.mx (filtrado cve_entidad=9),imss/asg_cdmx_2023_04.csv.gz,http://datos.imss.gob.mx/sites/default/files/asg-2023-04-30.csv,2026-09-26T17:41:15,5229677,59cc53b52dd301173ae0ea43ec1e53e316b2526294df901c89d4d1175e3bbe8b
datos.imss.gob.mx (filtrado cve_entidad=9),imss/asg_cdmx_2023_05.csv.gz,http://datos.imss.gob.mx/sites/default/files/asg-2023-05-31.csv,2026-09-26T17:41:46,5247579,76e24d5ba26a00a06c6ae0987296d5d3b5af47528687aa85f414a40086e755a7
datos.imss.gob.mx (filtrado cve_entidad=9),imss/asg_cdmx_2023_06.csv.gz,http://datos.imss.gob.mx/sites/default/files/asg-2023-06-30.csv,2026-09-26T17:42:32,5244707,701f796d40ae49b1f417727b98f6ce95c02cf4b37fa215e11f57a5623b7277ce
datos.imss.gob.mx (filtrado cve_entidad=9),imss/asg_cdmx_2023_07.csv.gz,http://datos.imss.gob.mx/sites/default/files/asg-2023-07-31.csv,2026-09-26T17:43:16,5289797,9e43546718af8f4e60883b84304f857678a0f420de702b9a157fbc153932b662
datos.imss.gob.mx (filtrado cve_entidad=9),imss/asg_cdmx_2023_08.csv.gz,http://datos.imss.gob.mx/sites/default/files/asg-2023-08-31.csv,2026-09-26T17:43:50,5294362,16dcf471777bbe1ec839fb36086db321a0746c03958e275220a8eb14e22b08e5
datos.imss.gob.mx (filtrado cve_entidad=9),imss/asg_cdmx_2023_09.csv.gz,http://datos.imss.gob.mx/sites/default/files/asg-2023-09-30.csv,2026-09-26T17:44:36,5302547,1bfcd3e0cb852cabee3b6fd8119f68bf975ecfa1dee99a37951ca5af5467432b
datos.imss.gob.mx (filtrado cve_entidad=9),imss/asg_cdmx_2023_10.csv.gz,http://datos.imss.gob.mx/sites/default/files/asg-2023-10-31.csv,2026-09-26T17:45:29,5314807,f35c9e8b33cd83436ab89d9b4c176abc4061244df2494481a97e0ce7eef7c1a1
datos.imss.gob.mx (filtrado cve_entidad=9),imss/asg_cdmx_2023_11.csv.gz,http://datos.imss.gob.mx/sites/default/files/asg-2023-11-30.csv,2026-09-26T17:46:03,5354302,a62b68cfa86df874570e6688f5a550cdca76066cc5e50389d05f60f49b57c4b4
datos.imss.gob.mx (filtrado cve_entidad=9),imss/asg_cdmx_2023_12.csv.gz,http://datos.imss.gob.mx/sites/default/files/asg-2023-12-31.csv,2026-09-26T17:46:35,5338337,698459ed8c339e10def515fda7972ff8462796c44766a40e022f5077cdec9f80
datos.imss.gob.mx (filtrado cve_entidad=9),imss/asg_cdmx_2024_01.csv.gz,http://datos.imss.gob.mx/sites/default/files/asg-2024-01-31.csv,2026-09-26T17:47:07,5725354,8ca1259337e130d13c9c77f31f1a850b91083b3825ee1a20dc9648033e2b6288
datos.imss.gob.mx (filtrado cve_entidad=9),imss/asg_cdmx_2024_02.csv.gz,http://datos.imss.gob.mx/sites/default/files/asg-2024-02-29.csv,2026-09-26T17:47:47,5722080,84bd22aaff78fe4be096b24ee774b68b8eda9832ba0a9fcf7168009f3306686c
datos.imss.gob.mx (filtrado cve_entidad=9),imss/asg_cdmx_2024_03.csv.gz,http://datos.imss.gob.mx/sites/default/files/asg-2024-03-31.csv,2026-09-26T17:48:38,5710257,bcf34a7f9e18b6e0ee8e325e90e3173ed393eea196f2eb6a1a6a0af37402cd55
datos.imss.gob.mx (filtrado cve_entidad=9),imss/asg_cdmx_2024_04.csv.gz,http://datos.imss.gob.mx/sites/default/files/asg-2024-04-30.csv,2026-09-26T17:49:51,5723576,b16d364e77da75cafb83522f35fc42af6045a2f3f7240fbf3fa2418abb1fa36e
datos.imss.gob.mx (filtrado cve_entidad=9),imss/asg_cdmx_2024_05.csv.gz,http://datos.imss.gob.mx/sites/default/files/asg-2024-05-31.csv,2026-09-26T17:50:38,5727231,24469a581ffd3f078c7295cf80d00d4b6fcb28dbc0d37ee147584e00e8437ca0
datos.imss.gob.mx (filtrado cve_entidad=9),imss/asg_cdmx_2024_06.csv.gz,http://datos.imss.gob.mx/sites/default/files/asg-2024-06-30.csv,2026-09-26T17:51:15,5722938,c873bcb1b2bd9ab40bea20dad174712a28100ad508e1be3ca0544b035b19f31a
datos.imss.gob.mx (filtrado cve_entidad=9),imss/asg_cdmx_2024_07.csv.gz,http://datos.imss.gob.mx/sites/default/files/asg-2024-07-31.csv,2026-09-26T17:51:45,5793610,caa22ff8ca47d2d9bd1c06e9197014de4adb56980bc630d84e02830cfb88a9de
datos.imss.gob.mx (filtrado cve_entidad=9),imss/asg_cdmx_2024_08.csv.gz,http://datos.imss.gob.mx/sites/default/files/asg-2024-08-31.csv,2026-09-26T17:52:32,5798580,f848ba542e7788b3d7e968f6f54ff89e93f754bbbfdfa4229865d79246dd14c1
datos.imss.gob.mx (filtrado cve_entidad=9),imss/asg_cdmx_2024_09.csv.gz,http://datos.imss.gob.mx/sites/default/files/asg-2024-09-30.csv,2026-09-26T17:53:12,5794313,df6e7ddf75a9d1429002e325688ff3ee28b58d283c05dbe8fce356b66c417a13
datos.imss.gob.mx (filtrado cve_entidad=9),imss/asg_cdmx_2024_10.csv.gz,http://datos.imss.gob.mx/sites/default/files/asg-2024-10-31.csv,2026-09-26T17:53:58,5810681,b9f78746e8e72747aa736d9c946fe03673f6ec55185499730ec0e1a53fe26f50
datos.imss.gob.mx (filtrado cve_entidad=9),imss/asg_cdmx_2024_11.csv.gz,http://datos.imss.gob.mx/sites/default/files/asg-2024-11-30.csv,2026-09-26T17:54:26,5854010,ea0f931803095d7e1e2598e55318ad3d17e95e88c07dceccb29fd0c4c4cec127
datos.imss.gob.mx (filtrado cve_entidad=9),imss/asg_cdmx_2024_12.csv.gz,http://datos.imss.gob.mx/sites/default/files/asg-2024-12-31.csv,2026-09-26T17:55:00,5820500,522a51582bbf572d731c1ca61dea221d1e0ff3f55c1f909865ae0e6a9d32320e
datos.imss.gob.mx (filtrado cve_entidad=9),imss/asg_cdmx_2025_01.csv.gz,http://datos.imss.gob.mx/sites/default/files/asg-2025-01-31.csv,2026-09-26T17:56:50,5789808,35f68d41a8a948fc92869710003ea56bf79062ba890fb3f8339a007697d88aa2
datos.imss.gob.mx (filtrado cve_entidad=9),imss/asg_cdmx_2025_02.csv.gz,http://datos.imss.gob.mx/sites/default/files/asg-2025-02-28.csv,2026-09-26T17:57:46,5769998,05d1a5bb6b8b7ef32f9ec5126ded9301f52f2adf071b10629c76dd2981ddfd19
datos.imss.gob.mx (filtrado cve_entidad=9),imss/asg_cdmx_2025_03.csv.gz,http://datos.imss.gob.mx/sites/default/files/asg-2025-03-31.csv,2026-09-26T17:58:26,5755696,fd08aad793b8184f9e4f61039d9ae04fd61f5de5ed3e2fd230138858c261e2da
datos.imss.gob.mx (filtrado cve_entidad=9),imss/asg_cdmx_2025_04.csv.gz,http://datos.imss.gob.mx/sites/default/files/asg-2025-04-30.csv,2026-09-26T17:59:03,5768305,37de311613752286c432a89613bdbe2b71a431157790492765c917b9aed0fc34
datos.imss.gob.mx (filtrado cve_entidad=9),imss/asg_cdmx_2025_05.csv.gz,http://datos.imss.gob.mx/sites/default/files/asg-2025-05-31.csv,2026-09-26T17:59:34,5742834,db0039763455602c29b63f62d37a781492cc9448dc7fa5c66faffb389b44c4be
datos.imss.gob.mx (filtrado cve_entidad=9),imss/asg_cdmx_2025_06.csv.gz,http://datos.imss.gob.mx/sites/default/files/asg-2025-06-30.csv,2026-09-26T18:00:21,5731402,2b2d17fd2b07fb9e413ecac638264ce7c0d582dbf97281afab7338e923ba5391
datos.imss.gob.mx (filtrado cve_entidad=9),imss/asg_cdmx_2025_07.csv.gz,http://datos.imss.gob.mx/sites/default/files/asg-2025-07-31.csv,2026-09-26T18:01:23,5794302,c3bad1b338b561658edf8b5ee98d409954e3826deb31a715a78472b5e8397486
datos.imss.gob.mx (filtrado cve_entidad=9),imss/asg_cdmx_2025_08.csv.gz,http://datos.imss.gob.mx/sites/default/files/asg-2025-08-31.csv,2026-09-26T18:01:52,5785289,866653e4292ace2906faa27ac79374b1b10b1464d0ad275ef1ca488781e50974
datos.imss.gob.mx (filtrado cve_entidad=9),imss/asg_cdmx_2025_09.csv.gz,http://datos.imss.gob.mx/sites/default/files/asg-2025-09-30.csv,2026-09-26T18:02:28,5784291,8c62740a943d0f266bcdf0457f37a2acdea81df79440955ed3453108a25a1fb1
datos.imss.gob.mx (filtrado cve_entidad=9),imss/asg_cdmx_2025_10.csv.gz,http://datos.imss.gob.mx/sites/default/files/asg-2025-10-31.csv,2026-09-26T18:03:02,5805885,5c19b9448ffa50baeab6407224a0b42440b3222da55744b916938bc263831a60
datos.imss.gob.mx (filtrado cve_entidad=9),imss/asg_cdmx_2025_11.csv.gz,http://datos.imss.gob.mx/sites/default/files/asg-2025-11-30.csv,2026-09-26T18:04:02,5846432,940028a0ba51e4a381e01752b3e661e98a01ab9dca0d4e8838feeee6ca7a9dbf
datos.imss.gob.mx (filtrado cve_entidad=9),imss/asg_cdmx_2025_12.csv.gz,http://datos.imss.gob.mx/sites/default/files/asg-2025-12-31.csv,2026-09-26T18:04:59,5809618,b26f0032da9013a72643ee57eb7d79210b71e45e022b664ca62b8c6e543ab105
datos.imss.gob.mx (filtrado cve_entidad=9),imss/asg_cdmx_2026_01.csv.gz,http://datos.imss.gob.mx/sites/default/files/asg-2026-01-31.csv,2026-09-26T18:05:55,5822214,2b3a3edf2b93286612389d78ca9c88776348d943d377476505c124c46e3de98f
datos.imss.gob.mx (filtrado cve_entidad=9),imss/asg_cdmx_2026_02.csv.gz,http://datos.imss.gob.mx/sites/default/files/asg-2026-02-28.csv,2026-09-26T18:06:36,5828486,f029ecaf3f15b1c4df69fa0b2f5235258f480c7a19afda6a92e17c3f2ecf6e5b
datos.imss.gob.mx (filtrado cve_entidad=9),imss/asg_cdmx_2026_03.csv.gz,http://datos.imss.gob.mx/sites/default/files/asg-2026-03-31.csv,2026-09-26T18:07:09,5812610,fb72b3d706615e64a296a31305dabd012a6be95708dfd54a21593b7f7b1a43b6
datos.imss.gob.mx (filtrado cve_entidad=9),imss/asg_cdmx_2026_04.csv.gz,http://datos.imss.gob.mx/sites/default/files/asg-2026-04-30.csv,2026-09-26T18:07:38,5804443,d258a44c506130838501a3fdbf0d2fcbf791f914b0db0d3436552fcd8c6f3408
datos.imss.gob.mx (filtrado cve_entidad=9),imss/asg_cdmx_2026_05.csv.gz,http://datos.imss.gob.mx/sites/default/files/asg-2026-05-31.csv,2026-09-26T18:08:24,5828348,61206ac9803f67b7cbb80faf903ffe766032aee3b52c1c42c47b1d5af3dc010b
datos.imss.gob.mx (filtrado cve_entidad=9),imss/asg_cdmx_2026_06.csv.gz,http://datos.imss.gob.mx/sites/default/files/asg-2026-06-30.csv,2026-09-26T18:09:16,5825314,bff6679062b44a525132e7dc8f3cc14655947298465caa5dd96708c51b67bf4f
datos.imss.gob.mx (filtrado cve_entidad=9),imss/asg_cdmx_2026_07.csv.gz,http://datos.imss.gob.mx/sites/default/files/asg-2026-07-31.csv,2026-09-26T18:10:03,5850909,f2d59209b98f622143a25a0c13854514979967510d270e76218f82716e5c96ff
datos.imss.gob.mx (filtrado cve_entidad=9),imss/asg_cdmx_2026_08.csv.gz,http://datos.imss.gob.mx/sites/default/files/asg-2026-08-31.csv,2026-09-26T18:10:50,5869752,846f158ea03b23cb582212dcb728555ca3b6574b99d0180703875e1575e1b653
datos.imss.gob.mx,imss/diccionario_de_datos_imss.xlsx,http://datos.imss.gob.mx/sites/default/files/diccionario_de_datos_1.xlsx,2026-09-26T18:53:09,164886,930fb74bc6cb19e5630b22ea3d3694439502e74d000704d90ec43a46bd42c0a2
inegi.org.mx,marco_geo/09_ciudaddemexico_mg2020.zip,https://www.inegi.org.mx/contenidos/productos/prod_serv/contenidos/espanol/bvinegi/productos/geografia/marcogeo/889463807469/09_ciudaddemexico.zip,2026-09-26T16:24:10,83207305,685b912f5458138a70726cff41aff828473e14264c43289d3b21f86a9df00320
datos.cdmx.gob.mx/afluencia-diaria-del-metro-cdmx,metro/afluencia_diaria_del_metro_desglosada.csv,https://datos.cdmx.gob.mx/dataset/f2046fd5-51b5-4876-b008-bd65d95f9a02/resource/cce544e1-dc6b-42b4-bc27-0d8e6eb3ed72/download/cce544e1-dc6b-42b4-bc27-0d8e6eb3ed72.csv,2026-09-26T16:11:42,69892431,6a7c9030b3f87912c43a6aca9d14bd36f4307647289c35e9d5248b14f7ef4405
datos.cdmx.gob.mx/afluencia-diaria-del-metro-cdmx,metro/afluencia_metro_simple.csv,https://datos.cdmx.gob.mx/dataset/f2046fd5-51b5-4876-b008-bd65d95f9a02/resource/0e8ffe58-28bb-4dde-afcd-e5f5b4de4ccb/download/0e8ffe58-28bb-4dde-afcd-e5f5b4de4ccb.csv,2026-09-26T15:40:58,59917547,2d328ec615ae1249f3f6fa2896d66647409225b7d4419e78c6f78cccd4b9f78a
datos.cdmx.gob.mx/afluencia-diaria-del-metro-cdmx,metro/diccionario_de_datos_afluencia_desglosada.csv,https://datos.cdmx.gob.mx/dataset/f2046fd5-51b5-4876-b008-bd65d95f9a02/resource/b1b48bbf-1c80-4988-8856-883b140d3fc7/download/b1b48bbf-1c80-4988-8856-883b140d3fc7.csv,2026-09-26T16:11:27,1717,701db5be5b5d5b1ea689842b721e125f8e6100b2d9b90dcb35e201f5990d6834
datos.cdmx.gob.mx/afluencia-diaria-del-metro-cdmx,metro/diccionario_de_datos_afluencia_simple.csv,https://datos.cdmx.gob.mx/dataset/f2046fd5-51b5-4876-b008-bd65d95f9a02/resource/7abf61db-a045-4b72-b5cd-c22ea0de6467/download/7abf61db-a045-4b72-b5cd-c22ea0de6467.csv,2026-09-26T16:11:24,1124,62f4ce5279609082289043293ae9195c5149fb81c0ea3d6793aeb1d402e7854e
datos.cdmx.gob.mx/lineas-y-estaciones-del-metro,metro_estaciones/diccionario_de_datos.xlsx,https://datos.cdmx.gob.mx/dataset/1b014317-ddb1-46c7-ac79-7330c652abe3/resource/0869e0dd-6876-4446-a199-8f670a359c00/download/0869e0dd-6876-4446-a199-8f670a359c00.xlsx,2026-10-02T18:55:37,9696,90de43d9eea2670756cf6158aa0360e391f722874688dbdeba19d03b9a6bcd22
datos.cdmx.gob.mx/lineas-y-estaciones-del-metro,metro_estaciones/lineas_y_estaciones_de_stc_metro_shp.zip,https://datos.cdmx.gob.mx/dataset/1b014317-ddb1-46c7-ac79-7330c652abe3/resource/288b10dd-4f21-4338-b1ed-239487820512/download/288b10dd-4f21-4338-b1ed-239487820512.zip,2026-10-02T18:55:39,42069,e762497f0c366d3e915d467aed8078a4279e271929c94ccefb5be882ede09b3e
datos.cdmx.gob.mx/afluencia-diaria-de-metrobus-cdmx,metrobus/afluencia_diaria_del_metrobus_desglosada.csv,https://datos.cdmx.gob.mx/dataset/f0ff3759-5c5d-41fb-80cc-2a3c8bbab278/resource/d122639e-a56a-4f26-a8b7-983464d11aaa/download/d122639e-a56a-4f26-a8b7-983464d11aaa.csv,2026-09-26T16:11:56,1347922,0dce12353d424764b3bb735d063b82d70158ceb2ee1d279a9321bf3f9d3f0087
datos.cdmx.gob.mx/afluencia-diaria-de-metrobus-cdmx,metrobus/afluencia_diaria_del_metrobus_simple.csv,https://datos.cdmx.gob.mx/dataset/f0ff3759-5c5d-41fb-80cc-2a3c8bbab278/resource/f7943c47-835d-4078-93ea-906f64b72f3b/download/f7943c47-835d-4078-93ea-906f64b72f3b.csv,2026-09-26T16:11:58,2051306,82f10aec775d06c40f942c4f83a811a921627bc454e0552c2385284654d8aa77
datos.cdmx.gob.mx/afluencia-diaria-de-metrobus-cdmx,metrobus/diccionario_afluencia_desglosada_mb.csv,https://datos.cdmx.gob.mx/dataset/f0ff3759-5c5d-41fb-80cc-2a3c8bbab278/resource/de16751e-18d1-4cf9-abd0-4fbf36fcbe39/download/de16751e-18d1-4cf9-abd0-4fbf36fcbe39.csv,2026-09-26T16:11:53,1703,583d5a0aae040127d0820ee6c8ef0c4d3c3c8f7e6d7b5e894506448689441b9a
datos.cdmx.gob.mx/afluencia-diaria-de-metrobus-cdmx,metrobus/diccionario_de_datos.csv,https://datos.cdmx.gob.mx/dataset/f0ff3759-5c5d-41fb-80cc-2a3c8bbab278/resource/8079033e-5e1f-4d09-8571-fc6cdd216a32/download/8079033e-5e1f-4d09-8571-fc6cdd216a32.csv,2026-09-26T16:11:44,948,b691dac3753079a44cf644ed7641d8b2702180986881037c6cb380d30631015b
github.com/Bisaloo/semaforos,semaforo/semaforos_federal.csv,https://raw.githubusercontent.com/Bisaloo/semaforos/main/inst/extdata/semaforos.csv,2026-09-26T16:15:57,46856,0b50084b1d0ec995f0afdb52dc4ade7f3276153a0f3ae8d5526252caa777d1bc
